lon_east,lon_west,lat_north,lat_south,step
"395.805981","387.805981","81.4207","73.4207",129
"396.769119","388.769119","81.499875","73.499875",130
"393.601862","385.601862","81.305049","73.305049",127
"394.703921","386.703921","81.362874","73.362874",128
"398.76942","390.76942","81.714539","73.714539",133
"398.843445","390.843445","81.770851","73.770851",134
"397.732258","389.732258","81.579051","73.579051",131
"398.695396","390.695396","81.658226","73.658226",132
"398.917469","390.917469","81.827164","73.827164",135
"399.757871","391.757871","76.278305","68.278305",65
"402.905586","394.905586","75.349228","67.349228",63
"401.331728","393.331728","75.813767","67.813767",64
"390.117173","382.117173","79.672033","71.672033",89
"389.67486","381.67486","79.88311","71.88311",90
"391.001799","383.001799","79.249878","71.249878",87
"390.559486","382.559486","79.460955","71.460955",88
"389.268852","381.268852","80.53994","72.53994",93
"388.434554","380.434554","80.554642","72.554642",94
"389.539524","381.539524","80.102053","72.102053",91
"389.404188","381.404188","80.320997","72.320997",92
"385.273867","377.273867","80.570724","72.570724",97
"383.781776","375.781776","80.557404","72.557404",98
"387.600255","379.600255","80.569343","72.569343",95
"386.765957","378.765957","80.584045","72.584045",96
"380.907875","372.907875","80.536708","72.536708",101
"380.21697","372.21697","80.53302","72.53302",102
"382.289686","374.289686","80.544083","72.544083",99
"381.598781","373.598781","80.540395","72.540395",100
"381.761528","373.761528","80.742142","72.742142",105
"381.975071","373.975071","80.738162","72.738162",106
"380.731823","372.731823","80.602727","72.602727",103
"381.246675","373.246675","80.672435","72.672435",104
"382.881088","374.881088","80.785632","72.785632",109
"383.36002","375.36002","80.841062","72.841062",110
"382.188614","374.188614","80.734182","72.734182",107
"382.402157","374.402157","80.730202","72.730202",108
"385.283939","377.283939","81.031044","73.031044",113
"386.006433","378.006433","81.09832","73.09832",114
"383.838951","375.838951","80.896492","72.896492",111
"384.561445","376.561445","80.963768","72.963768",112
"387.529528","379.529528","81.239815","73.239815",117
"388.154759","380.154759","81.201248","73.201248",118
"386.514131","378.514131","81.145485","73.145485",115
"387.02183","379.02183","81.19265","73.19265",116
"389.695752","381.695752","80.959259","72.959259",121
"389.986285","381.986285","80.794403","72.794403",122
"388.779989","380.779989","81.162682","73.162682",119
"389.40522","381.40522","81.124115","73.124115",120
"391.758807","383.758807","81.041331","73.041331",125
"392.499802","384.499802","81.247223","73.247223",126
"390.276817","382.276817","80.629547","72.629547",123
"391.017812","383.017812","80.835439","72.835439",124
"340.203542","332.203542","52.772182","44.772182",1
"341.140818","333.140818","53.328003","45.328003",2
"339.266266","331.266266","52.216362","44.216362",0
"343.813588","335.813588","54.726564","46.726564",5
"344.681335","336.681335","55.147934","47.147934",6
"342.078094","334.078094","53.883823","45.883823",3
"342.945841","334.945841","54.305193","46.305193",4
"347.773651","339.773651","56.987244","48.987244",9
"348.667185","340.667185","57.410716","49.410716",10
"345.712107","337.712107","55.761037","47.761037",7
"346.742879","338.742879","56.374141","48.374141",8
"349.56072","341.56072","57.834188","49.834188",11
"401.735401","393.735401","74.466759","66.466759",57
"402.836037","394.836037","74.42392","66.42392",58
"399.378658","391.378658","74.35921","66.35921",55
"400.55703","392.55703","74.412984","66.412984",56
"404.326734","396.326734","74.675237","66.675237",61
"403.61616","395.61616","75.012233","67.012233",62
"403.936672","395.936672","74.381081","66.381081",59
"405.037308","397.037308","74.338242","66.338242",60
