lon_east,lon_west,lat_north,lat_south
250.563171,258.563171,41.719803,33.719803
251.089005,259.089005,42.835758,34.835758
251.911575,259.911575,42.775318,34.775318
252.471008,260.471008,42.489311,34.489311
253.047791,261.047791,42.459927,34.459927
253.487579,261.487579,42.401859,34.401859
253.964539,261.964539,42.265442,34.265442
254.037872,262.037872,42.20422,34.20422
254.222168,262.222168,42.312305,34.312305
254.680328,262.680328,42.589836,34.589836
255.426392,263.426392,42.918064,34.918064
256.471344,264.471344,43.454517,35.454517
257.133636,265.133636,43.641701,35.641701
257.864014,265.864014,43.930515,35.930515
258.432648,266.432648,43.722366,35.722366
260.573151,268.573151,44.206345,36.206345
261.981812,269.981812,44.338497,36.338497
264.365295,272.365295,44.842148,36.842148
267.990265,275.990265,45.5849,37.5849
272.569489,280.569489,46.382103,38.382103
275.911072,283.911072,47.112007,39.112007
278.937042,286.937042,47.995121,39.995121
282.592346,290.592346,48.95459,40.95459
286.559296,294.559296,49.793297,41.793297
289.172913,297.172913,50.043152,42.043152
291.605103,299.605103,50.354465,42.354465
294.364655,302.364655,50.985378,42.985378
297.877167,305.877167,52.088871,44.088871
300.882843,308.882843,52.943245,44.943245
304.002136,312.002136,53.623074,45.623074
307.099915,315.099915,54.565769,46.565769
310.170532,318.170532,55.493938,47.493938
313.983673,321.983673,56.928455,48.928455
318.666595,326.666595,58.518417,50.518417
323.199677,331.199677,60.029675,52.029675
328.037537,336.037537,61.944489,53.944489
333.834656,341.834656,63.357559,55.357559
339.167419,347.167419,64.170349,56.170349
344.093353,352.093353,64.982925,56.982925
349.658356,357.658356,65.435745,57.435745
353.957764,1.957764,65.984188,57.984188
358.47958,6.47958,65.858932,57.858932
3.165432,11.165432,65.608395,57.608395
5.766414,13.766414,65.750576,57.750576
9.665888,17.665888,65.529156,57.529156
16.142035,24.142035,64.009438,56.009438
19.162098,27.162098,63.042957,55.042957
20.783289,28.783289,62.225971,54.225971
22.969387,30.969387,61.634945,53.634945
26.024029,34.024029,61.189613,53.189613
29.772713,37.772713,60.356796,52.356796
34.490215,42.490215,56.870445,48.870445
36.379852,44.379852,56.741451,48.741451
38.475281,46.475281,57.188313,49.188313
37.510624,45.510624,60.321312,52.321312
38.822193,46.822193,60.413643,52.413643
39.794022,47.794022,60.801262,52.801262
40.641804,48.641804,61.590809,53.590809
41.168388,49.168388,62.237301,54.237301
