,storm_index,0,1,2,3,4,5,6,7,8,9,10,11,12,13,14,15,16,17,18,19,20,21,22,23,24,25,26,27,28,29,30,31,32,33,34,35
0,1,-1.9028366,-1.7343936,-1.4910228,-1.6710823,-1.3475559,-0.9461975,-0.8439698,-1.1431012,-1.5676932,-0.9932451,-1.3034124,-1.2917957,-1.4550109,-1.4979928,-1.7192919,-1.5903459,-1.7657588,-2.0799918,-2.1816385,-1.7785373,-1.1355505,-1.139616,-1.4706933,-1.6118369,-1.5311005,-1.3644001,-1.1704006,-1.3667235,-1.1326461,-1.3858912,-1.4253881,-1.1599455,-1.1407781,-1.1849213,-0.96536493,-1.0757241
1,2,-0.89392185,-0.7777543,-0.21259975,-0.27591085,-0.31947374,-0.32412052,-0.2886896,-0.23583317,-0.2346716,-0.30611467,-0.40485668,-0.41763544,-0.39091682,-0.3955636,-0.40079117,-0.41705465,-0.40021038,-0.43738365,-0.5099883,-0.56284475,-0.52044344,-0.5175395,-0.4042759,-0.5059228,-0.51231194,-0.57097626,-0.5181203,-0.35780907,-0.35083914,-0.37349176,-0.3833661,-0.4623599,-0.4321561,-0.37058735,-0.33806038,-0.3293481
2,3,-0.19296694,-0.46321058,-0.39043093,-0.91173553,-0.8366995,-0.5331688,-0.49931812,-0.36673498,-0.501575,-0.5021391,-0.5043955,-0.48070002,-0.42653847,-0.41074133,-0.40848446,-0.5111661,-0.66688013,-0.5405035,-0.18901777,-0.2764659,-0.3142662,-0.3650427,-0.34529638,-0.2572837,-0.36560678,-0.3159585,-0.78253794,-0.2843647,-0.88804007,-0.2843647,-0.43500137,-0.71314335,-0.72442675,-0.64431286,-0.9850793,-0.48803425
3,4,-4.9958534,-5.800378,-3.625454,-4.3137565,-4.7188396,-4.657344,-3.7540874,-3.2130363,-2.7814367,-2.375225,-2.1410894,-1.9035685,-1.5379782,-1.3202038,-1.6068084,-2.151809,-2.229102,-2.1179578,-2.1478596,-2.1602716,-2.426566,-2.2539258,-1.5757785,-1.4702764,-1.3816996,-1.672818,-1.580292,-1.7309287,-1.805965,-1.8939774,-2.1314983,-2.439542,-2.5241694,-2.3458877,-2.374661,-2.1100593
4,5,-1.4979215,-1.6903076,-1.4894586,-1.3754935,-1.0533452,-1.0296497,-0.9540491,-0.8773203,-0.8197737,-0.6279516,-0.600307,-0.6713939,-0.65559673,-0.8778844,-1.1199188,-1.1548982,-1.2022896,-1.3738012,-1.6953852,-1.7929888,-1.8561771,-2.470572,-2.7317886,-2.7312243,-2.572689,-2.5241694,-2.9388435,-2.859858,-3.1910331,-3.3348997,-3.5690355,-4.145066,-4.5975404,-4.2827263,-4.23195,-5.0150356
5,6,-0.42192125,-0.63559866,-0.5902734,-0.46994448,-0.47534037,-0.4834342,-0.5406308,-0.3863082,-0.43595028,-0.36904144,-0.27677155,-0.42246056,-0.3479972,-0.44674206,-0.5951295,-0.39332294,-0.54332876,-0.73326445,-0.7073641,-0.7149186,-0.48019695,-0.63505936,-0.7489128,-0.6291237,-0.52875996,-0.54440784,-0.5546603,-0.49800348,-0.51904726,-0.41166878,-0.48559284,-0.57678366,-0.7266836,-0.7091942,-0.7689972,-0.9049654
6,7,-1.0900173,-0.86998606,-0.77407503,-0.62513065,-0.5021391,-0.36222172,-0.40622807,-4.4074106,-3.625454,-3.5453398,-3.469175,-3.5035903,-3.5357487,-3.409936,-3.5628295,-3.4274256,-3.5317993,-3.3704433,-3.2643769,-3.199496,-2.859294,-3.0347545,-2.9078135,-2.6770627,-2.5901787,-2.374661,-2.189609,-2.3458877,-2.1884806,-1.855613,-1.7771916,-1.664355,-1.966757,-1.9396763,-1.7055404,-1.8070934
7,8,-0.37230015,-0.36548138,-0.3971405,-0.38691235,-0.3995757,-0.39080858,-0.3659687,-0.35086966,-0.37278748,-0.38837337,-0.4151616,-0.41564894,-0.441463,-0.4473076,-0.42538977,-0.45023012,-0.4955268,-0.5067291,-0.47458315,-0.42441607,-0.395679,-0.3766837,-0.3800931,-0.36791658,-0.34210253,-0.3211589,-0.26514673,-0.26173735,-0.27050447,-0.26417255,-0.17844963,-0.21497917,-0.20864773,-0.108799934,-0.15555763,-0.21303129
9,10,-0.3066182,-0.27098227,-0.31153345,-0.28572798,-0.581872,-0.4460883,-0.32812214,-0.47250748,-0.55238056,-0.613821,-0.47680855,-0.7618928,-0.42827034,-0.38894844,-0.54316425,-0.65560055,-0.8214903,-0.733016,-0.538249,-0.3840332,-0.39079142,-0.55668116,-0.65437174,-0.65129995,-0.5462365,-0.52718973,-0.54439306,-0.44670248,-0.36744404,-0.3828044,-0.4774227,-0.4436307,-0.48110914,-0.5259609,-0.5216603,-0.41966867
10,11,-0.58537006,-0.4888487,-0.4135151,-0.3705511,-0.36348867,-0.24931097,-0.19045639,-0.18751335,-0.18869066,-0.18457079,-0.21517515,-0.22576904,-0.22400331,-0.23577404,-0.21223259,-0.21694088,-0.212821,-0.23989391,-0.26402426,-0.262259,-0.30286837,-0.36584282,-0.41233778,-0.4299941,-0.42646265,-0.2999258,-0.26461315,-0.19987297,-0.17574263,-0.26814413,-0.30816507,-0.26579,-0.24401379,-0.2175293,-0.28756618,-0.29227448
11,12,-0.6683924,-0.7539439,-0.58737016,-0.60951304,-0.6039772,-0.9512155,-0.89787173,-0.83094025,-0.8198688,-0.960274,-1.1127567,-1.0971563,-1.0609226,-1.177172,-1.0221729,-0.81634617,-0.54962707,-0.4117384,-0.5667372,-0.6014612,-0.65379834,-0.46206236,-0.31259918,-0.48219252,-0.8717029,-1.115273,-1.1001756,-1.0392833,-1.0443156,-1.1489904,-0.88327765,-0.68047047,-0.81835914,-0.9587643,-2.4493723,-2.4644697
12,13,-0.4142542,-0.36594296,-0.39915705,-0.3422904,-0.37953043,-0.42683554,-0.4207964,-0.42683554,-0.4006667,-0.40368605,-0.32165766,-0.28542376,-0.32618666,-0.2572422,-0.2064147,-0.22151184,-0.26680374,-0.2230215,-0.2783785,-0.33625174,-0.39311838,-0.38607264,-0.32266378,-0.241642,-0.27636576,-0.27183628,-0.22151184,-0.2562356,-0.24969387,-0.23107386,-0.23207998,-0.2859273,-0.26932,-0.25673914,-0.22755098,-0.26781034
13,14,-0.07693672,-0.08633375,-0.057620525,-0.096775055,-0.12653255,-0.10408354,-0.07798052,-0.076414585,-0.05709839,-0.08685589,-0.098863125,-0.11504698,-0.07693672,-0.0518775,-0.03673792,-0.037260056,-0.061275005,-0.050833702,-0.09103203,-0.072760105,-0.058664322,-0.049267292,-0.058142662,-0.041436672,-0.028385162,-0.0403924,-0.02159834,-0.041958332,-0.0403924,-0.054488182,-0.04770136,-0.021076202,-0.0701499,-0.028385162,-0.03308344,-0.021076202
14,15,-1.3580735,-1.5465374,-1.5841258,-1.3726912,-1.095999,-0.9294617,-1.1711757,-1.2171171,-0.9691384,-1.0834696,-1.1842272,-1.5742066,-1.9975979,-2.1766646,-1.7334352,-1.2771542,-1.3110881,-1.353375,-1.0511019,-0.88717484,-1.0239546,-1.4457798,-1.3643382,-1.2729776,-1.2322569,-1.4003603,-1.5366182,-1.6921923,-1.7913837,-1.6311111,-1.2296467,-1.0756388,-1.267235,-1.6593025,-1.9031048,-2.0038626
15,16,-0.45699692,-0.65276957,-0.69349027,-0.75352716,-0.769711,-0.56715155,-0.3818202,-0.4449892,-0.57132816,-0.53217363,-0.5687177,-0.58385754,-0.59325457,-0.6271887,-0.6083944,-0.7415199,-0.69244623,-0.6705196,-0.75926995,-0.7717993,-0.71437263,-0.6057842,-0.56506324,-0.5488794,-0.6047399,-0.6882696,-0.67835045,-0.5817692,-0.6224899,-0.48675442,-0.53269553,-0.6214459,-0.58855605,-0.48988676,-0.42358494,-0.44864368
16,17,-0.24556208,-0.25078297,-0.33222437,-0.27897406,-0.22363567,-0.18761349,-0.14115,-0.18291473,-0.15785599,-0.22363567,-0.1917901,-0.18500328,-0.16464281,-0.19753265,-0.20014286,-0.2199812,-0.28523874,-0.2549591,-0.26122427,-0.27270937,-0.2408638,-0.26592255,-0.28001833,-0.33013582,-0.3478861,-0.30194473,-0.4616952,-0.52016616,-0.4141879,-0.41940832,-0.3687687,-0.44707775,-0.40322447,-0.425673,-0.39121723,-0.42149687
18,19,-0.31047964,-0.21829128,-0.28333235,-0.3229227,-0.31443882,-0.2674961,-0.18209457,-0.18266058,-0.25561905,-0.2844634,-0.24657011,-0.2674961,-0.4111519,-0.48297977,-0.5022092,-0.41680765,-0.37495518,-0.42302895,-0.56442213,-0.48297977,-0.42359447,-0.39361906,-0.39305353,-0.40662718,-0.32179117,-0.3099141,-0.35063553,-0.40606165,-0.5044713,-0.5615945,-0.5463238,-0.48297977,-0.5808239,-1.7340271,-2.0677154,-2.226076
19,20,-0.53585386,-0.7495284,-0.7707634,-0.6513176,-0.46816826,-0.25980186,-0.21666908,-0.22994041,-0.45290565,-0.76744556,-0.5637245,-0.39185572,-0.65729,-0.62079287,-0.29231787,-0.36066723,-0.4057908,-0.3268242,-0.2803731,-0.2531662,-0.29298115,-0.31819773,-0.37592936,-0.41640854,-0.4077816,-0.38986492,-2.1490316,-2.076037,-1.9227486,-2.314928,-1.8179021,-1.579011,-1.5066805,-1.4409852,-1.4257226,-1.3925433
20,21,-0.25978422,-0.15877008,-0.4612608,-0.4662285,-0.4612608,-0.28351974,-0.276896,-0.33540678,-0.46015692,-0.58545876,-0.58987474,-0.51645994,-0.60257053,-0.5887704,-0.9718518,-0.70468855,-0.6726732,-0.5396433,-0.3630066,-0.3017354,-0.33927107,-0.31222343,-0.20568895,-0.22169685,-0.35251856,-0.387846,-0.47230053,-0.35803843,-0.35867643,-0.2956357,-0.33478737,-0.35071325,-0.2644472,-0.25980186,-0.23724031,-0.2671013
21,22,-0.7178433,-0.97195864,-1.1139195,-1.5024178,-1.4306796,-1.7742152,-1.4286587,-1.5721354,-1.3301449,-1.2483027,-1.5302038,-1.8974838,-1.231631,-0.9436674,-0.48090482,-0.32530332,-0.42028093,-0.8820331,-1.0189421,-0.7921076,-0.63953733,-0.58497596,-0.7668476,-0.75472283,-1.0164161,-1.1568615,-1.3548996,-1.2781093,-1.0623891,-1.2447662,-1.7418823,-1.2356727,-1.2083919,-1.0507696,-1.2326415,-1.0219734
22,23,-1.3645285,-1.4062246,-1.8847662,-2.9130533,-1.4716552,-1.463316,-1.9373673,-1.972007,-2.0278153,-1.8424287,-1.7782811,-1.8398628,-2.0656626,-1.985478,-2.1477716,-1.6089312,-1.7814884,-1.8918225,-1.7904692,-2.0855484,-2.1336591,-1.5864795,-1.3016639,-1.6884743,-1.9033691,-1.9014446,-4.9677033,-4.8804626,-4.5372725,-4.1818943,-3.8611557,-3.6282997,-3.335145,-3.4916651,-3.523739,-3.872061
25,26,-0.22468615,-0.23763704,-0.3483076,-0.39481258,-0.4124732,-0.30474567,-0.34006596,-0.31887388,-0.3094554,-0.35890388,-0.87634754,-0.58259964,-0.34889603,-0.4118843,-0.4736948,-0.4772272,-0.45838928,-0.33830023,-0.37008858,-0.36184692,-0.40128803,-0.38774872,-0.37950706,-0.40423155,-0.4095297,-0.36420155,-0.33888865,-0.2829647,-0.36773396,-0.35066223,-0.3076892,-0.36832237,-0.52020025,-0.50489473,-0.423069,-0.36361313
26,27,-2.9873295,-2.834863,-3.0768077,-3.0985885,-2.874304,-2.532285,-2.200862,-2.2438352,-2.0866594,-2.207926,-2.0501616,-2.372166,-2.6741552,-2.7112417,-2.8166142,-3.2698927,-3.7614346,-4.1328874,-4.230607,-4.6526856,-4.3059573,-4.6891837,-4.6950703,-3.8950634,-3.290496,-3.676077,-3.467098,-2.9184546,-3.153924,-2.9849749,-3.0214725,-3.8768146,-4.439586,-5.0082445,-5.3844066,-6.289197
27,28,-0.34809923,-0.3633635,-0.24809313,-0.27283144,-0.27967405,-0.34862566,-0.33915138,-0.31388664,-0.26335716,-0.29125357,-0.36599517,-0.37968016,-0.3228345,-0.29072738,-0.49916124,-0.67969894,-0.8833959,-0.8602364,-0.7128589,-0.8960283,-1.1023569,-1.0834084,-1.0523539,-0.9828758,-1.2207854,-0.89444923,-1.0191939,-0.9476104,-0.8628683,-0.7881267,-0.76812553,-0.7407553,-0.56706023,-0.29335904,-0.28704286,-0.33230877
28,29,-1.3495562,-1.5267642,-2.0846415,-1.5929016,-1.4439662,-0.9749453,-0.85125303,-1.1400366,-0.70837593,-0.5417702,-0.6503165,-0.71998787,-0.72907543,-0.6881814,-0.94111943,-0.9128468,-0.82197094,-0.8356023,-1.0042276,-0.49229312,-0.43423367,-0.50390506,-0.48572993,-0.47058392,-0.5200608,-0.7315998,-0.82045627,-0.8997202,-0.9562652,-1.1743674,-1.406606,-1.6433883,-1.8529078,-1.9296474,-2.0179992,-2.2775002
29,30,-0.22723842,-0.25399637,-0.2731812,-0.23784065,-0.26308393,-0.27570558,-0.25702548,-0.18331504,-0.1717031,-0.19543195,-0.2131021,-0.2327919,-0.20300484,-0.27065682,-0.37011552,-0.6356752,-0.44635034,-0.34184313,-0.26308393,-0.36759114,-0.39283466,-0.5700426,-0.67858887,-0.7578528,-0.72554135,-0.6048784,-0.5266242,-0.46503043,-0.46351576,-0.4261558,-0.35244536,-0.37566924,-0.5377312,-0.60235405,-0.5230901,-0.37970805
30,31,-1.5798936,-1.5158494,-1.7511861,-1.7196724,-1.6042914,-2.852135,-4.24789,-4.4862766,-4.267205,-4.505083,-4.692133,-4.316509,-4.397835,-4.4451056,-4.4527297,-4.0659237,-3.735029,-3.5251064,-3.2165766,-2.9929304,-3.9749403,-4.5340557,-5.0276017,-2.243716,-1.9463682,-1.8177717,-2.0531085,-1.628689,-1.6047997,-1.412159,-1.6439376,-1.3857281,-1.1082034,-1.0517836,-1.2032533,-0.9953637
31,32,-4.556035,-4.376481,-5.349115,-5.906645,-6.182975,-5.958989,-5.4903235,-5.260251,-4.974182,-4.6150746,-4.181711,-3.9199886,-3.7860842,-4.140931,-4.999746,-5.3819823,-4.7021127,-4.518298,-4.443434,-4.1214542,-4.057545,-3.309506,-2.8335361,-3.1719494,-3.479321,-2.9230084,-3.009438,-2.480515,-2.6698074,-2.3770432,-2.6351137,-2.4360828,-2.0952353,-1.4950991,-1.1731195,-1.1347742
32,33,-1.1852932,-2.28331,-2.665547,-2.604681,-2.4452128,-2.1834903,-1.7696037,-1.7099552,-2.2120972,-2.3502626,-2.4598207,-1.7714295,-2.1098428,-2.0739322,-1.7251716,-1.8091664,-2.0769753,-2.2017503,-2.1226249,-2.019153,-2.0057626,-2.0130663,-1.7428226,-1.6448293,-1.9448967,-2.1938376,-2.2200098,-2.062368,-1.6582193,-1.2802439,-1.2297249,-0.8742695,-0.8079262,-0.73549557,-0.79149246,-0.8949642
33,34,-0.4004643,-0.41590357,-3.1043272,-3.3050377,-3.6317525,-3.9001963,-4.422641,-4.266754,-4.11535,-4.275719,-4.6821203,-4.8619127,-4.270241,-4.126805,-3.8005881,-3.9858594,-3.6696033,-3.4131124,-2.8124754,-2.700416,-2.5266,-2.6620672,-3.0619938,-3.566011,-3.9639454,-3.320477,-3.273163,-3.846408,-4.4191546,-4.081483,-3.9136434,-5.4590635,-5.4804792,-5.1786666,-4.82705,-4.841493
34,35,-0.9681411,-0.921473,-0.6723833,-0.4361267,-0.49912834,-0.6647997,-0.7727189,-0.5393796,-0.48279476,-0.272789,-0.33637428,-0.4553771,-0.533546,-0.3853755,-0.37954187,-0.35737467,-0.303123,-0.51837873,-0.4057927,-0.49562836,-0.38129187,-0.64671564,-0.6980505,-0.8514714,-0.98447466,-0.96114063,-0.8269706,-0.7167177,-0.55863,-0.42562628,-0.50204515,-0.46879435,-0.61171484,-0.44779396,-0.35329103,-0.47696114
36,37,-0.19312,-0.18940163,-0.19949436,-0.26801825,-0.5824828,-0.5176773,-0.35778904,-0.4337492,-0.57557726,-0.6233845,-0.48633718,-0.5150218,-0.7025318,-0.6196661,-0.69934464,-0.5814204,-0.6233845,-0.5160837,-0.55645466,-0.4512787,-0.515553,-0.5187397,-0.5468931,-0.5033355,-0.49696112,-0.4496851,-0.4284377,-0.5229893,-0.39390993,-0.6839402,-0.46987057,-0.6441009,-0.59523153,-0.7365279,-0.6563182,-0.5341444
37,38,-2.7688625,-2.4177456,-2.120279,-1.9715457,-1.7680998,-2.1378083,-2.2440464,-2.128778,-2.4081843,-2.9946184,-2.7715185,-1.9768577,-1.8599958,-1.8063455,-2.4225264,-1.9678273,-1.7771301,-1.7691622,-2.1829596,-2.0719407,-1.819094,-2.053349,-2.8496037,-2.9898376,-2.4427116,-2.9579663,-2.7932973,-3.0923576,-3.3584838,-3.400979,-3.6602,-4.1106496,-3.7781243,-3.5571492,-3.0397696,-2.2854793
38,39,-0.24415731,-0.2939167,-0.27797413,-0.2059927,-0.21565485,-0.2499547,-0.31758833,-0.43932915,-0.47845984,-0.6576891,-0.7103467,-0.6692834,-0.59392023,-0.57411337,-0.48474026,-0.49536848,-0.4369135,-0.53256655,-0.47411203,-0.4721794,-0.4282179,-0.37362766,-0.4895711,-0.45140648,-0.5601034,-0.4823246,-0.42870092,-0.46493292,-0.4678316,-0.42290354,-0.44657516,-0.5175905,-0.5876398,-0.3552699,-0.41034317,-0.30164623
39,40,-0.43787956,-0.45237255,-0.43304873,-0.4035797,-0.40019798,-0.37024593,-0.27700806,-0.25623512,-0.25816727,-0.25236988,-0.28763628,-0.28570366,-0.30889273,-0.3662882,-0.35035276,-0.33760405,-0.29988956,-0.2786417,-0.2611127,-0.24039602,-0.23083448,-0.24145842,-0.22764778,-0.3280425,-0.32060575,-0.2786417,-0.2775793,-0.42684412,-0.56123495,-0.5468931,-0.46030903,-0.40294027,-0.4985547,-0.6340084,-0.7859287,-0.3466344
41,42,-1.0436478,-1.1796727,-1.1023636,-0.9624238,-0.74321795,-0.6703124,-0.525969,-0.5088439,-1.0573478,-1.0309258,-0.7275605,-0.56951666,-0.6595478,-0.722178,-1.4458513,-1.0485406,-0.87973213,-0.9829745,-1.6112347,-1.0778985,-1.2882972,-1.0402226,-1.078877,-1.3284197,-1.150804,-1.0138001,-1.1023636,-0.9594879,-0.94970226,-1.1048098,-0.8993044,-1.3665848,-1.0661554,-0.55337,-0.4887824,-0.8660321
42,43,-2.7887728,-3.3266306,-3.7187862,-3.9528396,-4.226677,-4.411646,-3.8433046,-3.173695,-3.113761,-3.04401,-2.9174247,-2.5877867,-2.1728973,-2.170314,-2.3955839,-1.741991,-1.0263977,-1.0026307,-0.65335894,-0.33508778,-0.40173864,-0.34697104,-0.4187889,-0.65697575,-0.7422271,-0.90601254,-1.0217476,-1.109582,-0.75256014,-0.7866607,-0.83316135,-0.589808,-0.40535545,-0.27360344,-0.34387112,-0.44927263
43,44,-0.9855757,-0.97583437,-0.75908804,-0.67628574,-0.7016134,-0.61053133,-0.6806693,-0.6840787,-0.8073077,-0.70404863,-0.71914816,-0.7098937,-0.7381439,-0.9753473,-1.17943,-0.9880111,-0.77516127,-0.5993285,-0.5993285,-0.43275023,-0.4312892,-0.33728456,-0.51701355,-0.51701355,-0.4059615,-0.4980178,-0.5530567,-0.6270914,-0.67531157,-0.45612955,-0.58763885,-0.61540174,-0.6465745,-0.66508293,-0.6197853,-0.5920224
44,45,-0.16947937,-0.19869804,-0.15904403,-0.1882627,-0.19608903,-0.17417526,-0.16582704,-0.2190466,-0.34270406,-0.29157138,-0.23887348,-0.18513203,-0.13243413,-0.12356424,-0.12565136,-0.18565392,-0.28217983,-0.32496428,-0.31609416,-0.29157138,-0.21330714,-0.13608646,-0.14756536,-0.2738316,-0.26183105,-0.2033937,-0.20078492,-0.1773057,-0.24461293,-0.24670005,-0.24356937,-0.20600271,-0.23365593,-0.20078492,-0.24200416,-0.2827015
45,46,-0.21155858,-0.30617166,-0.37642884,-0.5188167,-0.5099175,-0.44902802,-0.52724767,-0.4181149,-0.69164944,-0.7131951,-0.515538,-0.45699048,-0.4232669,-0.42748237,-0.56378126,-0.68087673,-0.96096873,-0.8363793,-1.0391884,-0.90148425,-0.8822807,-1.4031206,-0.8251381,-0.69680166,-0.70616937,-0.5263109,-0.56846523,-0.8658873,-0.63965917,-0.54645133,-0.58860564,-0.66401505,-0.7174103,-0.75956464,-0.514133,-0.34645247
46,47,-0.29967165,-0.31870627,-0.3068738,-0.2837236,-0.3063593,-0.25954437,-0.30327272,-0.28783917,-0.28012228,-0.28938246,-0.26623225,-0.33105302,-0.2862959,-0.35214567,-0.30275822,-0.27549243,-0.48693204,-0.36449242,-0.41387987,-0.44577575,-0.5527818,-0.48024416,-0.53631926,-0.42159653,-0.5594697,-0.50905347,-0.82081103,-0.88563204,-1.0229905,-0.8254411,-3.3205316,-3.3215606,-3.0046582,-2.7114208,-2.5730333,-2.4876344
47,48,-0.27292013,-0.44886255,-0.45503592,-0.41542315,-0.36294913,-0.32127857,-0.3382554,-0.3680935,-0.37735367,-0.36449242,-0.3434,-0.2842381,-0.45709372,-0.5286026,-0.5491805,-0.5836489,-0.5352905,-0.41645217,-0.41645217,-0.4905331,-0.49927878,-0.57438874,-0.6191461,-0.6227472,-0.5203712,-0.45606494,-0.5162556,-0.5584407,-0.5183134,-0.47098398,-0.53992057,-0.60062575,-0.51316905,-0.5594697,-0.7359266,-0.8717418
48,49,-0.544044,-0.47659636,-0.47344446,-0.4242773,-0.4431877,-0.37826157,-0.75268984,-0.38897753,-0.37637043,-0.40410614,-0.40032387,-0.42679882,-0.38078308,-0.3070321,-0.32026958,-0.30577135,-0.28749132,-0.22697735,-0.21752214,-0.26416826,-0.44697,-0.31900883,-0.33728886,-0.3171177,-0.40788794,-0.33539772,-0.61023045,-0.9197326,-0.9689002,-0.9657483,-0.82581043,-0.8018575,-0.72999716,-0.636075,-0.4658804,-0.42553806
49,50,-3.2583334,-3.0837262,-3.008084,-3.0326679,-2.9261386,-2.9998896,-2.937485,-2.4817414,-2.1192899,-2.46094,-2.9853916,-2.499391,-2.2642703,-2.6273522,-2.865625,-3.0862477,-2.8643641,-2.8902087,-2.2409477,-2.0512118,-1.5696244,-1.8992977,-2.1779127,-2.4565272,-2.6683252,-2.3897104,-1.997632,-1.9938502,-2.2314925,-2.8839052,-3.4342012,-3.3131738,-3.3327148,-2.777376,-2.094706,-1.114511
50,51,-1.2226806,-1.1888247,-1.3023715,-1.30758,-1.2414312,-1.297163,-1.3357062,-1.3674788,-1.3070593,-1.1554899,-1.0726733,-1.0981956,-1.1955957,-1.2622657,-1.231535,-1.2810163,-1.6518667,-1.6247821,-1.5216525,-1.6419704,-1.5154021,-1.3544574,-1.1731992,-1.1028833,-1.0101705,-0.8466215,-0.811203,-0.6304655,-0.8106823,-0.84037113,-0.7143235,-0.65286255,-1.1653862,-1.0757985,-1.3747706,-1.2179928
51,52,-0.37383056,-0.20842385,-0.42634058,-0.449445,-0.4273908,-0.4678235,-4.580618,-4.6984997,-4.6258516,-4.5388107,-4.2550716,-4.695073,-5.4832373,-5.383175,-5.3139534,-5.180993,-4.9171295,-5.1796227,-3.8507092,-3.0680277,-3.0255353,-3.0090868,-2.935068,-2.5608613,-2.4484622,-2.9343822,-2.70136,-2.3689601,-2.3401754,-2.7479646,-2.5670292,-2.2209227,-1.7391145,-1.7644727,-1.9179933,-1.5280235
52,53,-4.001295,-4.2389746,-4.7373114,-4.086067,-3.5615864,-3.2415104,-2.4064608,-1.8685117,-1.5159526,-1.2616348,-1.6918359,-1.9738832,-1.9833903,-2.1228294,-0.76012945,-0.6286135,-0.550179,-0.73953056,-2.1949258,-0.97562647,-0.76012945,-0.82905674,-0.9328437,-1.0889206,-1.29491,-1.3868132,-1.4137502,-1.2798572,-1.4565325,-1.2505431,-1.1356645,-1.1063504,-1.060399,-1.0627756,-1.0683217,-0.9875102
53,54,-0.31554437,-0.32289577,-0.28876424,-0.28561354,-0.38485765,-0.4898777,-0.47990084,-0.4315915,-0.46887374,-0.5203335,-0.61222625,-0.7146208,-0.78183365,-0.67103744,-0.48672724,-0.6222031,-0.6211529,-0.76345515,-1.0270556,-1.086917,-1.1940376,-1.0265305,-0.9745456,-0.9341128,-1.0905927,-1.1105466,-1.0023758,-1.1950878,-1.2654513,-1.2833047,-1.0911179,-1.2806792,-1.8987225,-1.8976724,-1.4655145,-1.4329584
55,56,-0.920207,-0.95896816,-0.9691191,-0.96819687,-1.0706367,-1.1998396,-1.3188915,-1.3927221,-1.5533037,-1.5366917,-1.6437454,-1.9021521,-1.9252243,-1.7101927,-1.7886381,-1.8034039,-1.6031389,-1.8670826,-1.8920012,-1.972291,-2.0295095,-1.9372215,-2.1051865,-3.5790272,-4.1622887,-4.987344,-5.7127285,-6.0698843,-6.2433863,-5.4312496,-4.522212,-2.4918737,-2.5075626,-2.2916079,-2.4752617,-2.2020884
57,58,-0.46694613,-0.4438672,-0.42909718,-0.39124775,-0.4480214,-0.5911102,-0.5398755,-0.5638776,-0.6215744,-0.62249756,-0.78543425,-1.128386,-0.86436415,-0.9275999,-0.651577,-0.6492691,-0.6815796,-0.71896744,-0.88605785,-0.7009659,-1.1694663,-0.64603806,-1.1666968,-2.3114076,-2.0783112,-1.863678,-2.3257165,-2.1784735,-2.4221861,-2.0732338,-2.0256915,-2.0695412,-2.0963128,-1.926914,-1.9578397,-1.6490448
58,59,-0.7784467,-0.51972055,-0.6197772,-0.84830856,-0.93178797,-1.0987463,-1.1277566,-1.2787294,-1.3213573,-1.2858343,-0.9436288,-0.992177,-0.8340993,-0.74292374,-0.8648863,-1.038949,-0.8275871,-0.47709274,-0.3480258,-0.5990553,-0.6724696,-0.58662224,-0.81870604,-1.0294762,-0.94599724,-0.87731934,-0.78969574,-0.83350754,-0.86547804,-0.9744153,-1.2224846,-2.1099687,-2.7553039,-2.7393184,-3.0229108,-2.6013708
59,60,-1.4617898,-2.0367663,-2.6542408,-2.5087469,-2.1682608,-1.9577694,-1.6987801,-1.8572736,-2.2337582,-2.1637611,-2.1297624,-2.0192668,-1.9147713,-1.8977718,-1.8702731,-1.6537819,-1.3657937,-1.1768014,-1.236299,-1.4037921,-1.3067963,-1.291297,-1.2038004,-1.0063086,-0.80181694,-0.7358196,-0.577826,-0.8258159,-0.8858135,-0.8508148,-0.69982123,-0.92031217,-1.090805,-0.9838095,-0.89631295,-1.0033088
60,61,-0.24933958,-0.35983515,-0.41633272,-0.42583227,-0.49332952,-0.5918255,-0.6808219,-0.6183245,-0.56782675,-0.5278282,-0.51382875,-0.54432774,-0.5548272,-0.52482843,-0.51832867,-0.7443192,-1.4539766,-1.2082753,-1.4202294,-1.1993947,-1.1099949,-1.3142524,-1.3556962,-1.5309429,-1.5226545,-1.5108132,-1.411941,-1.4445038,-1.5907402,-1.35392,-1.9080791,-1.5717945,-1.6233029,-1.8980145,-1.9234729,-1.7482257
61,62,-1.3869207,-1.6595557,-1.7368612,-1.9138969,-1.9611064,-2.0561156,-1.9699582,-1.7415822,-1.9274696,-2.1387322,-2.3783205,-2.534112,-2.3134074,-2.3789105,-2.8073368,-2.9914541,-3.0463352,-2.8415637,-2.8574972,-3.0026665,-2.7483249,-2.1883023,-2.0443132,-1.9717286,-2.3783205,-2.2738695,-1.7586956,-1.939272,-1.9481238,-1.7445327,-1.8572454,-2.0077257,-1.7640066,-1.7480735,-1.5627761,-1.6211979
62,63,-2.1812124,-1.9164078,-1.1278355,-0.9968934,-1.0791581,-1.3313065,-1.3171902,-1.5065448,-1.6978467,-2.0230112,-2.4323874,-1.6540372,-1.8248944,-1.9899106,-1.600492,-1.626291,-1.7630744,-2.0410218,-2.2985246,-1.8156457,-1.7513916,-1.4087036,-1.699307,-2.8334885,-3.6011295,-3.181531,-3.8226113,-4.7104855,-3.7807488,-3.3645577,-2.8948216,-2.7570648,-2.9177,-2.9873085,-2.5847473,-2.5214667
63,64,-2.6811283,-2.6524088,-2.3092337,-2.4382286,-2.6149273,-2.6188214,-3.7301245,-5.313597,-5.329661,-4.8409405,-4.0285163,-2.701086,-2.5608954,-2.2620168,-2.263477,-1.9899106,-1.8857412,-2.0536778,-1.7513916,-1.6754551,-1.7840056,-2.0970006,-2.2586093,-2.083371,-2.3695936,-2.3695936,-2.248874,-2.1266937,-1.9903972,-1.9626513,-2.177805,-2.2887893,-2.1378896,-3.3076053,-3.2540603,-2.6168742
64,65,-0.021876335,-0.034977913,-0.061777115,-0.070711136,-0.14753628,-0.1391983,-0.110611916,-0.09870148,-0.11775875,-0.106443405,-0.08619499,-0.04629326,-0.06773281,-0.09870148,-0.14932251,-0.16897583,-0.16897583,-0.18445969,-0.17314434,-0.15646935,-0.103466034,-0.14634514,-0.12371445,-0.087981224,-0.099892616,-0.14158058,-0.21423721,-0.24818325,-0.24937439,-0.16897583,-0.11894989,-0.07309246,-0.106443405,-0.13443375,-0.15170479,-3.0275047
65,66,-5.424721,-4.0393414,-3.7127676,-3.7469041,-3.0505166,-4.3772945,-3.9147427,-3.0971699,-2.832042,-2.0679498,-1.7106528,-1.7561684,-1.56671,-1.3812342,-1.2515149,-1.0831075,-1.1940517,-1.0757113,-1.0649014,-1.6548963,-1.8028221,-1.3499422,-1.627018,-1.7709608,-1.9939871,-2.3490083,-2.301786,-2.0747771,-2.0861561,-2.4662108,-2.250012,-2.1208618,-2.4906754,-3.239406,-3.637098,-3.810626
66,67,-0.3378358,-0.3003912,-0.38038635,-0.27996683,-0.24989796,-0.2867751,-0.23628187,-0.46378517,-0.3713088,-0.27769756,-0.33272982,-0.31457472,-0.36450052,-0.32024813,-0.41102266,-0.3049302,-0.28507328,-0.35826015,-0.30833387,-0.4671893,-0.36903954,-0.43314886,-0.51087475,-0.51768255,-0.5171151,-0.604486,-0.5227885,-0.36733723,-0.43712044,-0.3837905,-0.5159807,-0.9108496,-1.2194829,-1.4186192,-1.3720975,-0.89666605
67,68,-0.39685535,-0.47542715,-0.4832843,-0.45534772,-0.423046,-0.40820462,-0.4055856,-0.39947444,-0.36193454,-0.873524,-1.3920976,-1.4313835,-1.3903515,-1.3475736,-1.4348756,-1.1991603,-0.8770161,-0.73907906,-0.87265104,-0.9686831,-0.7128884,-0.70677733,-0.5347925,-0.469316,-0.31217253,-0.27114058,-0.29820418,-0.2615373,-0.6308246,-0.5470147,-0.23272777,-0.2816168,-0.31828368,-0.30256927,-0.28860092,-0.24494994
68,69,-0.6543961,-0.6814597,-0.5670942,-0.63780874,-0.75828546,-0.99400073,-0.95034975,-0.9739213,-0.9040797,-2.2406726,-2.935596,-3.640996,-4.099331,-4.5157614,-4.351634,-4.2451253,-4.1604424,-3.8452826,-3.9413147,-3.4882174,-3.018533,-2.5366263,-2.4030542,-2.1044815,-1.9071791,-2.115831,-1.9377348,-1.4401137,-1.5300347,-1.2087635,-1.3816214,-1.234081,-1.2332081,-1.7910676,-0.8665399,-1.0114611
70,71,-1.0353551,-1.0242507,-0.7757902,-0.7919841,-0.65086603,-0.5444491,-0.48568845,-0.78596926,-0.5435238,-0.570822,-0.6712241,-0.6679852,-0.8872967,-0.87064016,-0.6647465,-0.78504395,-0.85305834,-0.98723614,-1.0825487,-2.1818821,-2.0167046,-1.6743195,-1.3083377,-1.2532785,-1.5591116,-1.9075115,-2.02457,-1.7340055,-1.433262,-1.5868725,-1.5387535,-1.8098854,-1.2518904,-1.3902324,-1.0682056,-1.227831
71,72,-0.2039609,-0.21411133,-0.28567314,-0.3267827,-0.3496213,-0.35114384,-0.35774183,-0.3597722,-0.3739829,-0.31663227,-0.32627535,-0.36027956,-0.3618021,-0.37905788,-0.3815956,-0.59577227,-0.34911394,-0.5952649,-0.35368156,-0.3968215,-0.52421093,-0.5698886,-0.662766,-0.5196433,-0.83431053,-0.7419405,-0.8231449,-0.586637,-0.69981575,-0.6891575,-0.96372986,-1.0616827,-1.1266465,-1.182982,-1.1768916,-0.9403839
72,73,-0.48786128,-0.48964167,-0.57065225,-0.48162973,-0.54750645,-0.39883864,-0.4032898,-0.47361767,-0.451362,-0.47984922,-0.4210943,-0.360559,-0.37035143,-2.3430922,-2.204217,-1.9068815,-2.5246983,-2.2656426,-2.9066052,-1.9122229,-1.6807641,-1.1831278,-1.2676992,-1.2944059,-1.0798615,-1.0300089,-0.8777802,-1.0914345,-0.98638785,-2.0608907,-2.035074,-1.7760183,-1.4786828,-1.322003,-1.3780873,-1.1047878
73,74,-0.6035906,-0.6525531,-0.8190253,-0.8154644,-0.9080479,-0.9169502,-0.90537727,-0.91249907,-0.9614614,-0.9801562,-0.8724389,-0.68905234,-0.61160266,-0.67658913,-0.54038465,-0.6472117,-0.76205087,-1.0843127,-1.2205172,-1.7840303,-1.6754227,-1.5240843,-1.7813597,-1.9834409,-1.7341776,-2.602148,-2.3217268,-1.5605836,-1.7973837,-1.9870018,-3.0721874,-2.9377632,-2.527369,-2.3413117,-2.1712785,-2.2683132
74,75,-0.16559947,-0.1308806,-0.18073332,-0.17717242,-0.19764757,-0.19497693,-0.12642956,-0.06500387,-0.06144297,-0.12019789,-0.17450166,-0.27153635,-0.22880554,-0.22524464,-0.22257388,-0.23236644,-0.20565963,-0.16292882,-0.15936792,-0.19319642,-0.3748026,-0.34186423,-0.59913945,-0.67480874,-0.96858335,-1.1412871,-1.1110194,-0.9765953,-0.68193054,-0.5323726,-0.47895896,-0.46649587,-0.40150928,-0.47272742,-0.4567033,-0.86976826
75,76,-0.6338583,-0.7629411,-0.96324193,-1.2169564,-1.5534618,-1.9024303,-2.2798862,-2.0644515,-2.0332935,-1.9362589,-1.9763191,-1.9763191,-2.003026,-2.0813658,-1.8365536,-1.7671161,-1.4493053,-1.6113265,-1.4199278,-1.4671099,-1.593522,-1.333576,-1.2320902,-1.1697743,-1.4395128,-1.7457505,-2.3199463,-1.656728,-1.9540634,-2.2335944,-2.9021542,-3.3080974,-4.4190993,-4.1671653,-4.228591,-3.6882238
76,77,-0.33563256,-0.33296192,-0.34186423,-0.37035143,-0.32316947,-0.42732584,-0.431777,-0.45759356,-0.40150928,-0.37658298,-0.35966873,-0.33830333,-0.3926071,-0.45225227,-0.56531096,-0.66946733,-0.44156957,-0.33474243,-0.27865815,-0.31782806,-0.32851076,-0.29824317,-0.2653048,-0.26441455,-0.26975584,-0.22880554,-0.30358446,-0.25907314,-0.27331674,-0.31337702,-0.2920115,-0.27509725,-0.33919346,-0.4460206,-0.31782806,-0.60804176
77,78,-0.9436569,-0.9187306,-1.1519699,-1.4332812,-1.3932211,-1.4279399,-1.4377325,-1.3763068,-1.1101292,-1.3282347,-0.6374192,-0.9151697,-0.81991553,-0.9222915,-1.0398014,-1.0300089,-1.0202163,-0.85908544,-0.8759998,-0.8795607,-0.62940717,-3.63481,-4.6131687,-4.115532,-3.63392,-3.126491,-3.291183,-3.5368853,-3.3009753,-2.5540757,-2.2647524,-1.924686,-1.7128122,-1.4136963,-1.6576182,-1.7252754
78,79,-0.63385224,-0.6556258,-0.9101052,-4.8352575,-4.612531,-5.2784414,-5.933465,-5.6417894,-3.920311,-3.5410867,-3.770617,-4.8089476,-4.6950893,-4.143491,-3.5664892,-3.4045477,-3.3541963,-3.6408825,-4.045056,-4.555829,-4.095861,-3.382774,-3.558324,-3.0257773,-2.1453056,-2.4351673,-2.2809372,-1.3401346,-1.426322,-1.5955212,-1.5701187,-1.6572132,-1.6758115,-1.8386602,-1.5551493,-1.183183
79,80,-0.8177643,-0.91547537,-1.4857132,-1.5296574,-1.5632615,-1.629436,-2.207429,-2.5987892,-1.5792882,-1.147603,-1.3414736,-1.371459,-2.1174731,-1.6651082,-1.3745608,-1.6444287,-1.6609724,-2.0182114,-2.1712399,-2.7430289,-4.1482034,-5.1108356,-5.969036,-6.5366893,-7.169483,-7.216012,-5.8661556,-3.844214,-2.920356,-2.7032208,-1.5565407,-1.3730099,-1.587043,-1.898787,-2.126262,-2.067325
80,81,-4.681735,-4.3281155,-4.991411,-4.611942,-4.334319,-4.1218367,-3.5288513,-2.8055847,-2.607578,-2.2312105,-2.0419927,-2.2663658,-2.470576,-2.6370463,-2.6246386,-3.2124543,-2.8950236,-2.9296618,-3.677744,-3.0837243,-2.5750077,-2.65359,-2.5357165,-2.739927,-2.5005615,-2.03734,-2.4395568,-3.0284066,-3.10337,-2.8836498,-2.9343147,-2.4287,-2.1092012,-2.0368228,-2.0678422,-2.0569854
81,82,-1.3688741,-1.2665102,-1.2530687,-1.00388,-0.76037884,-0.7614126,-0.80742455,-0.69006824,-0.48999357,-0.44656658,-0.4103775,-1.0845304,-0.71695185,-1.0111179,-1.0018125,-1.3383718,-1.3047674,-0.9780307,-1.3300998,-1.3156242,-1.3352697,-1.1667316,-1.0560961,-1.0731568,-0.9537325,-0.9707928,-0.97492886,-1.060749,-0.9816499,-0.81931543,-0.6761098,-0.7112646,-0.79966974,-0.8105264,-0.6487093,-0.5783987
82,83,-3.094064,-3.1473138,-3.0697656,-2.7564707,-2.9410355,-2.7947278,-1.9995997,-2.0647402,-1.7917705,-1.8191707,-2.1350508,-2.170723,-2.3976808,-3.453888,-3.4114947,-2.8490117,-2.8789968,-2.7818031,-1.9675465,-1.7436905,-1.717324,-1.588594,-1.6087565,-1.6268511,-1.4820945,-1.4143689,-1.3450925,-1.151222,-1.2194643,-1.3792138,-1.4024782,-1.1522558,-1.1196856,-1.0364504,-0.9738951,-0.98320055
83,84,-0.31276512,-0.33803415,-0.36879683,-0.34023142,-0.32539988,-0.26881886,-0.301229,-0.47097206,-0.51272106,-0.57095003,-0.6330242,-0.5456805,-0.5901766,-0.5555687,-0.58468294,-0.6451092,-0.9692135,-1.3141928,-1.4372425,-0.8934064,-1.1581831,-1.2609076,-0.7967243,-0.6330242,-0.5215101,-0.3852768,-0.49569178,-0.51601696,-0.65829325,-0.8197961,-0.83243084,-0.75332737,-0.7824416,-0.8555026,-0.8829689,-0.8593478
84,85,-0.9759526,-1.0426335,-0.9108794,-0.82519794,-1.230617,-0.9991729,-0.7510104,-0.81318164,-0.8664713,-0.97357297,-1.2562168,-1.4834814,-1.2598741,-1.2546496,-1.1020949,-0.90356493,-1.1548622,-0.8795326,-1.2661433,-1.3690655,-1.8800188,-1.7932925,-1.7180601,-1.3648858,-1.5054241,-0.93543434,-0.7478757,-0.96207905,-0.85132027,-1.0085769,-1.107842,-1.0007403,-0.89207125,-0.8868468,-3.144341,-2.5994287
85,86,-0.78997517,-0.8264413,-0.89572716,-0.89937353,-0.6857858,-0.6618223,-0.7415271,-0.55450773,-0.8056035,-1.0436754,-0.96344995,-1.1015005,-1.0046048,-1.4823122,-1.7172585,-1.5375323,-1.3307166,-2.009509,-2.5403528,-2.7148697,-2.4455407,-1.9271998,-1.5958781,-1.6495357,-2.1871517,-2.3043644,-2.2246597,-2.8601296,-2.6762283,-2.6589875,-2.2650623,-2.5069554,-2.456278,-2.590547,-2.1929646,-2.0064511
86,87,-1.1582837,-0.7998729,-0.72485685,-0.7290244,-0.85717726,-1.1379666,-0.90510416,-0.8738475,-0.59305763,-0.5774293,-1.1171288,-1.0296102,-0.7290244,-0.636817,-0.5482564,-0.93792343,-0.9894972,-1.2426767,-1.683918,-1.9589775,-2.2548745,-2.152769,-2.1038003,-2.0251374,-2.0251374,-1.9996111,-1.9173017,-2.884698,-3.3884525,-3.3910573,-3.3863688,-3.4936836,-3.1394405,-4.0510955,-4.7429113,-4.726241
87,88,-1.3450084,-0.8196292,-0.8404255,-0.6428609,-0.6636572,-1.155653,-1.3909793,-0.90171957,-1.3302321,-1.1961508,-1.0976424,-1.0697317,-1.2136636,-1.6022253,-1.253067,-0.9553523,-0.8688836,-1.4462533,-1.1403294,-1.639987,-1.5869017,-2.085465,-1.6241164,-1.6755595,-1.662425,-1.780088,-1.9437218,-2.4220362,-2.2496457,-2.4390016,-2.559948,-2.8844793,-3.0880637,-3.4142368,-3.3890624,-3.3671715
88,89,-0.22693539,-0.24663734,-0.20176125,-0.24937344,-0.29534435,-0.39440012,-0.31559324,-0.3385787,-0.26305532,-0.28549337,-0.40862942,-0.35280752,-0.34733486,-0.28056812,-1.197793,-1.506453,-1.7220774,-1.2426691,-1.0626168,-1.3006797,-1.8621788,-1.5770512,-1.6093397,-1.6657085,-2.0504398,-2.3300948,-2.614675,-2.0072055,-2.383727,-2.3016367,-2.1894464,-1.6706343,-2.1276045,-2.0405889,-2.3744235,-2.2064118
89,90,-4.4711623,-3.8593428,-4.285177,-4.613446,-4.390874,-4.329895,-3.8867831,-4.108847,-4.7364197,-4.7674174,-5.699375,-5.634331,-5.8563952,-12.139235,-12.862848,-13.97266,-16.10285,-13.239391,-10.610702,-8.145129,-6.7471924,-7.2685604,-8.21373,-7.858529,-5.9585347,-3.830378,-3.5590227,-4.080899,-3.4512937,-3.351187,-3.487881,-3.752122,-4.728289,-4.8883586,-4.9086847,-4.9640737
90,91,-0.26189077,-0.32528985,-0.39083815,-0.28391922,-0.25705516,-0.20547628,-0.3731079,-0.4386561,-0.4268359,-0.52408373,-0.5197855,-0.93779004,-0.985608,-1.1634479,-1.0785575,-1.098437,-1.1774173,-1.1435685,-1.4476695,-1.6007946,-1.8243033,-1.8662112,-2.0021434,-1.9860249,-2.1343143,-2.0596323,-2.2745447,-3.1787882,-3.4726808,-3.1411786,-3.9196985,-3.252933,-2.8462114,-3.2040405,-3.9352796,-3.8992817
92,93,-1.2907834,-1.100586,-1.0850049,-1.119391,-0.9528339,-1.3874941,-1.7652024,-1.670641,-1.425641,-1.179029,-0.81851363,-0.84591496,-1.0823185,-1.18279,-1.257472,-1.2778888,-1.2805752,-1.2273843,-1.4772199,-1.7560687,-1.699117,-1.858152,-1.9355204,-2.1552682,-2.062856,-1.7157726,-2.772604,-3.8906853,-3.5253344,-2.8612552,-3.048229,-2.2374723,-1.7028779,-2.0273955,-1.9387441,-1.8791059
94,95,-0.8137078,-0.812407,-0.82021284,-0.38241768,-0.31671572,-0.54569626,-0.5860281,-0.1957202,-0.32777452,-0.34728956,-0.26402426,-0.5138211,-0.45397377,-0.62570953,-0.6218066,-0.54114294,-0.8085036,-1.278825,-0.9808898,-0.7538605,-0.4864998,-0.5073161,-0.90412927,-0.5821252,-0.7642689,-0.7740264,-0.7987461,-0.91453743,-0.62050533,-0.46893597,-0.73044205,-0.6666918,-0.5938344,-0.94641256,-1.4622698,-1.4596677
95,96,-1.2694778,-0.9873903,-0.70721865,-1.1286736,-1.0496507,-1.3144968,-1.4016614,-1.0381565,-1.4826,-1.6425612,-1.7249365,-1.5367186,-1.2685199,-1.2440946,-1.2416999,-1.4074085,-1.4907415,-1.7163157,-2.0812573,-2.2029047,-2.1190925,-2.3389196,-2.4485936,-2.6387274,-2.62867,-2.5846088,-2.8125777,-2.609034,-3.0256996,-2.5290532,-2.2824063,-2.1516595,-2.000319,-2.0089397,-2.1966786,-2.447636
