10m_u_component_of_wind_max_PCA_1,10m_u_component_of_wind_max_PCA_2,mean_sea_level_pressure_std_PCA_1,mean_sea_level_pressure_std_PCA_2,mean_sea_level_pressure_min_PCA_1,10m_u_component_of_wind_std_PCA_1,10m_u_component_of_wind_std_PCA_2,mean_sea_level_pressure_mean_PCA_1,surface_pressure_mean_PCA_1,surface_pressure_mean_PCA_2,geopotential_1000_min_PCA_1,geopotential_1000_min_PCA_2,geopotential_500_mean_PCA_1,geopotential_500_mean_PCA_2,mean_surface_latent_heat_flux_std_PCA_1,mean_surface_latent_heat_flux_std_PCA_2,mean_surface_latent_heat_flux_std_PCA_3,surface_latent_heat_flux_std_PCA_1,surface_latent_heat_flux_std_PCA_2,surface_latent_heat_flux_std_PCA_3,10m_v_component_of_wind_max_PCA_1,10m_v_component_of_wind_max_PCA_2,surface_latent_heat_flux_min_PCA_1,surface_latent_heat_flux_min_PCA_2,surface_latent_heat_flux_min_PCA_3,mean_surface_latent_heat_flux_min_PCA_1,mean_surface_latent_heat_flux_min_PCA_2,mean_surface_latent_heat_flux_min_PCA_3,geopotential_500_max_PCA_1,mean_sea_level_pressure_max_PCA_1,mean_sea_level_pressure_max_PCA_2,surface_pressure_max_PCA_1,surface_pressure_max_PCA_2,geopotential_1000_std_PCA_1,geopotential_1000_std_PCA_2,2m_dewpoint_temperature_std_PCA_1,2m_dewpoint_temperature_std_PCA_2,2m_dewpoint_temperature_std_PCA_3,surface_latent_heat_flux_mean_PCA_1,surface_latent_heat_flux_mean_PCA_2,mean_surface_latent_heat_flux_mean_PCA_1,mean_surface_latent_heat_flux_mean_PCA_2,geopotential_500_min_PCA_1,geopotential_500_min_PCA_2,geopotential_1000_max_PCA_1,geopotential_1000_max_PCA_2,10m_u_component_of_wind_min_PCA_1,10m_u_component_of_wind_min_PCA_2,mean_surface_sensible_heat_flux_std_PCA_1,mean_surface_sensible_heat_flux_std_PCA_2,mean_surface_sensible_heat_flux_std_PCA_3,2m_temperature_std_PCA_1,2m_temperature_std_PCA_2,2m_temperature_std_PCA_3,surface_pressure_min_PCA_1,surface_pressure_min_PCA_2,surface_pressure_min_PCA_3,surface_pressure_min_PCA_4,mean_surface_sensible_heat_flux_min_PCA_1,mean_surface_sensible_heat_flux_min_PCA_2,mean_surface_sensible_heat_flux_min_PCA_3,10m_v_component_of_wind_min_PCA_1,10m_v_component_of_wind_min_PCA_2,10m_v_component_of_wind_min_PCA_3,10m_v_component_of_wind_mean_PCA_1,10m_v_component_of_wind_mean_PCA_2,surface_pressure_std_PCA_1,surface_pressure_std_PCA_2,surface_pressure_std_PCA_3,surface_pressure_std_PCA_4
0.0766352741908475,0.0090185910864459,0.1865856165462541,-0.0589710157403192,-0.1927957798884194,0.1418965919947009,0.1021283000906269,-0.1706051375403334,-0.1596852545481631,0.0557297026002235,-0.0966461970297031,0.0778782080950542,-0.0966461970297031,0.0778782080950542,-0.050332397491465,-0.0750734172253553,0.1337446817300589,-0.0503330623766586,-0.0750725750251453,0.1337440932334772,0.1123355818499974,0.0013940335897617,0.1071526293306181,0.0291232127908675,-0.2809555961476592,0.1071471080661386,0.0291132212180291,-0.2809526401735399,0.0288670868296343,-0.0904825797613975,0.0295366845023868,-0.1069691982887991,0.0662775435387189,-0.0749306683848947,-0.0097360153600113,-0.2072759469860158,0.0452102747791529,-0.2011713257633726,0.1173180680890734,0.0485344886644693,0.1173182260061086,0.0485344073251892,0.0214302069401866,0.1160998866195971,0.0214302069401866,0.1160998866195971,0.2124383934229477,-0.2461040458786253,-0.1112758797750739,0.1667471979811703,0.0926072984038006,-0.1691350516976373,0.136192386404384,-0.2039408960806362,0.0199142045571587,-0.0702911075740281,0.0836668668239858,-0.019616047113188,-0.0469969900230085,-0.213546451776156,-0.0868067607129749,0.0211385445816558,-0.1321159756942965,0.1840863657869069,0.1945362812287027,0.0020985261202373,0.0144503900315102,0.0558171729728313,-0.0264255701356033,-0.0101002258291773
0.1113419523429734,-0.0720744519156312,0.1684896324572183,-0.0500789799981313,-0.1314853033687257,0.0193301580744983,-0.0909912533995785,-0.0916139121331558,-0.0968640625391005,-0.0505725688161673,-0.0305021652408665,-0.0584510884617474,-0.0305021652408665,-0.0584510884617474,-0.177227530077339,0.0376381884119604,0.1392421293939774,-0.1772273195980084,0.0376404407044837,0.1392427664702216,-0.0267034936227234,0.1159649919655413,0.1020524646392044,0.0362222763665964,-0.184880439108007,0.1020546433405908,0.0362249125029511,-0.1848825369348063,0.0055656526119951,-0.0379347003054284,-0.1282512651215723,-0.0393492830888075,-0.126975675076343,-0.0499497209810481,-0.1166688430752338,0.046938923403391,-0.0914625832982975,-0.0210257969763261,0.0486493667149229,-0.01713941381116,0.0486494657693064,-0.0171387633513539,0.0070636774344693,-0.0994048701264578,0.0070636774344693,-0.0994048701264578,0.0433316116072221,-0.0182896315942698,0.2564733000517607,0.0519142727221599,-0.1004843135893859,0.0492321125108779,-0.0454793348426888,0.0619290558953436,-0.0137298848242662,-0.0095823363224043,-0.0238430260073142,0.0250113583511963,0.1723137760917374,-0.0119993870254713,0.1449548834007728,-0.311228684679203,0.0250362990824505,0.0310040426371863,-0.0964831878859947,0.1158778160756677,0.0644819610202673,0.0329558291017614,0.0746002676409513,-0.0706493575667421
-0.1643426941757002,0.0175681693000602,-0.0738774308658206,0.1950703033361997,-0.0573463838746491,-0.3414047248232282,0.0862860947697207,-0.0707873605619466,-0.0586716701444264,-0.1753528464781966,-0.0244413300672801,-0.1567863997379461,-0.0244413300672801,-0.1567863997379461,0.1680844798812031,-0.0930141389099816,0.1176009365764891,0.1680849302171033,-0.0930121992819058,0.1176001492485229,0.1990192980431107,0.2261825016839337,-0.096210071632351,0.1457711647734399,-0.0055672657034145,-0.0962109045134316,0.1457787605308893,-0.0055869818433993,0.0451103676281105,-0.0773055229049463,-0.0471105708302133,-0.0727344458724889,-0.0466242716901657,-0.0731575949924713,-0.0501669090396745,0.0079742173407988,-0.1467664335532005,0.0074842494828209,0.050809100724809,0.0816757633858043,0.0508091967697092,0.0816753210190929,0.1314310986888586,-0.2199997758196605,0.1314310986888586,-0.2199997758196605,-0.2755783143918764,-0.1566155129871036,-0.0849814370145897,0.0152177788658909,-0.1176216713576733,-0.080738079534028,-0.1317101888335377,-0.0807613919896256,0.0397887170978801,-0.0738700153893998,0.1560050612888343,-0.0649538238653978,-0.0653111725123646,0.0243434451812724,0.133317500420666,-0.0036185643698414,-0.0376889166181099,-0.1206273049191345,-0.0268790896214225,0.3286862668157296,-0.0673116227985411,0.013049140948045,-0.122521049835485,0.1030585320753118
-0.0250020822823708,0.0541411988713517,0.076856309118209,0.0559761201901428,0.0160557184273625,-0.0394719580060604,-0.0045114766756042,0.0097086189562852,0.0423307600371759,-0.1504341753200912,-0.0106949361209475,0.0687596316227178,-0.0106949361209475,0.0687596316227178,0.2492800395526485,-0.1409650852912478,-0.0519993791795177,0.2492810333482547,-0.1409658417272943,-0.0519988442940309,-0.2820326065554015,0.0783915035257483,-0.1350136779574272,-0.1387830431954309,-0.0687077778787384,-0.1350060801939539,-0.1387913796503493,-0.0686880315744357,0.0181226841082821,0.0211122275130293,-0.1100862775545543,0.0201623533313386,-0.1109804219085151,0.0152467888500299,-0.1000660342967105,-0.1062969393703398,-0.2089368342442816,0.1905284952143464,-0.0163068147809169,-0.1902406382723169,-0.0163074780555815,-0.1902396849958891,0.0870024675709081,0.0207888247749042,0.0870024675709081,0.0207888247749042,-0.1212732070064688,0.0471911497491696,-0.2042673392142955,0.3043100969410429,0.0717558586418353,-0.1016311620116892,-0.1569859098281732,0.2199600870325523,0.1415102036549132,-0.0633459528248673,0.2538068075553694,-0.1378281117881191,-0.1500749964585379,0.00224973030296,0.0826905591338796,0.1434012837326281,0.0154174498128313,0.0713833732057531,0.0152085745090997,0.0674158626810574,-0.0941342850291927,-0.0190085462380077,-0.1167315159321267,0.0019382094366793
-0.1400566525122646,0.0172023165244655,-0.067256512673865,0.1410405249485181,0.1104103366528799,-0.0300611023973404,-0.0582753771894725,0.1276667137609707,0.127070199609071,0.0946604214114146,0.0977236891549755,0.079871165267215,0.0977236891549755,0.079871165267215,0.064696997513823,0.0649455493576895,0.0278963599043871,0.0646976482163391,0.0649457116859447,0.0278983256978666,0.1909314005455977,0.0940213863169927,-0.1037981090614937,-0.0283311635367284,-0.0387740309884089,-0.1037982808362652,-0.02833850491324,-0.0387673952926781,-0.0943363406325897,0.0974907648786841,0.1890541322951795,0.0973890069724229,0.1898594306980981,0.1043849498212486,0.177406678139627,0.0685143423648568,0.1345352594933812,-0.0228839119740759,-0.1743104418779949,0.014262920794909,-0.1743101446798869,0.0142630671805573,-0.1159698121346201,0.0481583038257908,-0.1159698121346201,0.0481583038257908,0.0792504934648632,0.0601104241055016,-0.0584021867038933,-0.1180422722834679,0.0124766353409041,0.0343802909872026,0.0901371287525631,-0.0199136094282778,0.0217442418557756,0.071834493219623,-0.043724265285756,0.0426395322701196,-0.0899505302196435,0.1124108161357186,0.009478972297384,-0.060456766789988,-0.0019857477813913,-0.0643378723377107,0.1244978424874014,0.0145244449245084,-0.0396914619201831,-0.0263841010879172,0.0296145115690681,0.0176085790578379
0.1610868028829384,-0.1531100591804025,0.212778658704438,-0.2919950338808516,-0.2376754691639834,0.2707777028724577,0.0810006645072451,-0.2316276500632523,-0.2428328231078907,0.1309748956462983,-0.2946580469376709,0.0813582438609488,-0.2946580469376709,0.0813582438609488,-0.2484648511540079,0.232448086673097,-0.0753421589549027,-0.2484650312771663,0.2324483787882581,-0.0753429674884413,-0.0426525514221769,-0.0819625959388068,0.1895927613603571,-0.1352561787475712,0.0850591449847582,0.1895889800156152,-0.1352559994790366,0.0850798807860793,0.2573753185257767,-0.2117414179434524,0.0642301414820182,-0.212805025116647,0.0710572410122438,-0.2205313469481811,0.1012036481797392,-0.250474364085029,0.0331313944390022,-0.0221064774913879,0.244066937989235,-0.1315651179403705,0.2440669440886008,-0.1315650662693637,0.2319329553786947,0.0023602857098701,0.2319329553786947,0.0023602857098701,0.2782256127864415,0.0388746410821569,0.1389055163827979,0.0263251182936223,0.1521685473600971,-0.3288859339202251,-0.0074449062749338,-0.0437459704091371,-0.0766457845443526,0.0571398045354852,-0.0957520394309956,0.0641068417750981,0.2405916460020618,-5.0589185903680145e-05,-0.2937468704800398,-0.0155324529058811,0.1621733652824056,-0.0899741100275374,-0.0192173604594712,-0.0108493168173675,0.134815368792147,0.009921034709271,0.0951742917990954,-0.137050369207056
-0.0837945870556866,0.1491814274878714,-0.0459705827798245,0.1334894759602963,-0.0540126640148908,0.039192353141463,0.2052780935773104,-0.0704582938926087,-0.0756034277002257,0.0753739763167044,-0.145378774929205,0.0179622814526418,-0.145378774929205,0.0179622814526418,-0.0416718113267399,0.0635816620560755,-0.0638115715251803,-0.041671880549788,0.0635823532444876,-0.0638126969644432,0.0734317971926228,0.0544249939815272,-0.0236727536193651,0.0325296065035959,0.0931471122664932,-0.0236728243164784,0.0325331727263953,0.0931401722854965,0.0834603772756969,-0.1162165234447086,0.0168398776301758,-0.1176169324699049,0.0160448691277854,-0.1287294468930776,0.0475041463516176,0.027860169864426,0.0629020225519406,-0.1299443135729801,-0.0772717429292236,0.0405786436533709,-0.077271931146657,0.0405786580971383,0.1920133675293415,0.0485620459337573,0.1920133675293415,0.0485620459337573,0.077584505819622,-0.1672326274928406,0.109380218132174,-0.0873439447788927,0.0839272596313114,0.0620828820195893,0.0509476799667777,-0.0325771180039696,-0.012139019621376,0.0264741120552737,-0.0543079655804315,0.0691682660386925,0.0018705554775814,0.0361992187669563,-0.1303148371219151,0.0734708546798504,-0.0142972255423572,0.0090810332665409,0.063376570809923,0.1181062088415608,-0.0293216663524828,-0.0132617565395642,0.0092444837245518,-0.0339505869350071
-0.136417689208271,-0.0612255822280198,-0.140070528572723,0.0067361231398088,0.0383277008309428,-0.1537059388265752,-0.0191443695039642,0.0217297235116534,0.0106859181443925,0.0670185923834695,-0.0727761764996967,0.0079171606950951,-0.0727761764996967,0.0079171606950951,0.0530741291659402,0.0563020825742101,-0.0072275962170911,0.0530742223610459,0.0563021557192704,-0.0072264747052091,0.0762889430634052,-0.0250216669177603,-0.1015140859922519,-0.0160610519232295,0.0691067617432693,-0.1015154746374955,-0.0160807677286996,0.0691091550043244,0.0552905865415639,-0.0712169353611994,-0.0274108205729821,-0.0726382316257792,-0.0258234034736627,-0.0796206591936739,-0.0106469494070181,0.1368159063272424,0.0592514678357785,0.1635093868082172,-0.0504391284367018,-0.0321977504187014,-0.0504390710732069,-0.0321975483018679,0.1517261720201014,0.0039300778735095,0.1517261720201014,0.0039300778735095,-0.1513953769781647,-0.0212813545261055,0.0653945975979044,-0.0985427564276601,0.0860047387849751,0.1344385490611343,0.0061149160236142,0.0777406252668582,0.0059218390664437,0.0525048517500457,-0.0180408053148069,0.0408079513708036,0.0212449612047693,0.0938126616736666,-0.0037473680827607,-0.0335391750748995,0.01953133512507,0.1296731054718874,-0.1973619677211009,-0.048463619490642,-0.0378499067289249,-0.0732390286707493,-7.903983859041297e-05,0.0195715814562495
-0.1010774926033291,0.1272026525174821,-0.1574187937973195,0.0995022926831344,0.2167487846744024,-0.0250652850643172,-0.0638420708356503,0.2149719846356322,0.2117315647628076,0.030779232027483,0.0495979289435583,0.1027295361626216,0.0495979289435583,0.1027295361626216,0.2593588101803442,-0.1040636349647049,-0.068420881817101,0.2593598264434755,-0.1040638722219688,-0.0684195346184712,-0.0397308456632846,-0.0767368147554916,-0.2010146305312731,0.1068826582805602,0.0445526124687089,-0.2010171134127922,0.1068876119296763,0.0445451715707117,-0.0897482149766623,0.1944860358140655,0.1650702916084486,0.1944334490098419,0.1673232845261507,0.19070888808859,0.1803335944247097,0.128676059757198,-0.0988454588717217,0.0488424274366679,-0.2184182356328573,0.1071003231139084,-0.2184182873590487,0.1071004549544527,0.0763711964327256,0.0720042890411557,0.0763711964327256,0.0720042890411557,0.0217527809094438,0.1476117518996613,-0.0226522910389396,0.0653913375244768,-0.0172386849944039,0.1832742590879593,-0.1363041957142085,0.0001298109980339,0.0528271300648447,0.048381399378587,0.0107363687840784,0.0176669619534304,-0.0213681784190499,-0.0500876202538844,-0.0185247099672885,0.2298400973168961,0.0259562948112068,0.0337167400525539,0.0935919014428614,0.0725848014461125,-0.0589713380349033,-0.0600488087844917,-0.0051316268197992,0.0346747819587256
-0.1582743274774244,0.0099245833328875,-0.1545698165515793,-0.0324979313132945,0.2060494491903588,-0.2417523350641196,0.0637499415037361,0.2215986861906753,0.201233562049018,-0.115509310430629,0.1617908714737207,0.0124178624558083,0.1617908714737207,0.0124178624558083,0.1359933029521388,-0.086272108807544,0.1047578524953324,0.1359928768329881,-0.0862725748953678,0.1047577119768735,-0.0209001561849794,0.0175922742308137,-0.1022966098807974,0.145290513367897,-0.088798690211636,-0.1022996610147672,0.1452891899719206,-0.0887861568123203,-0.1189130871799649,0.2024562055239597,-0.125828581420616,0.2030854395604757,-0.1284708946472075,0.2047196025843875,-0.1397795062907187,0.0715846674039933,-0.0012909109734635,-0.0680479614424518,-0.2371202751793831,0.1661940626834886,-0.2371203447155018,0.1661940444436956,-0.0743127617036866,-0.0444813739888964,-0.0743127617036866,-0.0444813739888964,-0.1881525747336657,0.0297105451234029,-0.0359416448844972,-0.0412602022852497,-0.1488784830740391,0.0967362728480117,0.008645021825929,-0.0476097882955045,0.0503373398974972,0.049327929751218,0.0692261764934452,-0.004715879207092,-0.0822843093056397,0.0392182010152643,0.0039536172627893,0.149228043172036,0.2119256198102472,-0.0923903760667581,0.0729447508067783,-0.021064782059853,-0.011808604682039,-0.0765681240169104,-0.0340225632899512,0.0068057140530038
0.0267272493614921,0.2591082072157428,-0.0074635002722745,-0.001243243649996,-0.0473394626351911,0.1642135365932548,0.0733214126099068,-0.0427339797238103,-0.0371362876784816,-0.1641313387978718,-0.0717310748961715,-0.0467275188472342,-0.0717310748961715,-0.0467275188472342,0.0518726297910237,0.1608732490903562,-0.0225921694422369,0.0518733001756967,0.1608729410308296,-0.022593664008927,-0.1780546044188954,-0.0692885398048366,-0.0587853922957641,-0.3156700737735367,-0.011070481549896,-0.0587858614605834,-0.3156619823772238,-0.0110519175154762,0.0579223558749838,-0.0424013247938228,-0.1118284218849602,-0.0410625191489597,-0.1107371088788844,-0.0400186182719748,-0.1176465125739694,0.0105269231814856,-0.028735426961387,-0.0788972209415211,0.0533091417319231,-0.1958354811203168,0.0533091184322342,-0.19583598893315,0.1168113455643606,-0.0106410740446265,0.1168113455643606,-0.0106410740446265,0.1817138178045759,-0.0465719407386438,0.0252764962224216,-0.0200149595414475,-0.1083671432869967,0.0317842109790674,0.0013755318494028,-0.1279316384012764,0.007948453851041,-0.0569782248786201,0.1147233348915439,-0.143162410402518,0.0242173386249852,0.1095656569087482,0.057096364884165,-0.023751869400382,0.0971861403854152,-0.1087864894558837,0.0417409388857241,0.0627685257929433,-0.0239435446917242,0.0189982871230871,-0.0498989016676953,0.0841120734979298
-0.1535249909627587,-0.034083613802308,-0.222680974916153,-0.1001496820091285,0.1977681788922227,-0.2033293698809901,-0.0853657806614365,0.1518370292444698,0.1263431699627309,0.0748078947934754,0.1844159491677869,0.1439206959824245,0.1844159491677869,0.1439206959824245,-0.1345546569025902,-0.04977257005036,0.1351217823665194,-0.1345541953113331,-0.0497716339653642,0.1351226860014489,-0.1319968312911054,0.0346491032493093,0.1173364326866126,0.0996261943498867,-0.0158204253339197,0.1173350458422756,0.0996154408240155,-0.0158178129730891,-0.08501744599875,0.1228491687601294,0.0410665008487719,0.122044916948606,0.0432299336740003,0.1268566055124637,0.0323439466935358,0.1029351084420562,0.2267636087003721,0.0001297013942986,0.090209656333921,0.2775382860242006,0.0902094759057056,0.277538642729598,-0.1756164356617998,0.145200705517291,-0.1756164356617998,0.145200705517291,-0.1299768264916102,0.0894845853029855,0.0434743218195191,-0.0032121069449525,-0.3419839779064555,0.078907198607686,0.2227509725699062,-0.0621381924538105,-0.0913474214166427,-0.0555796018663253,-0.0818047778456859,0.0934270002484228,0.0737651225958468,-0.0089615360032517,-0.0545765426664911,-0.1075739877946233,0.1224722569114519,-0.12699545253163,-0.328759962379369,-0.0282687501854661,0.0072010920913349,-0.068773795245935,-0.0702319516218425,-0.0387800655506146
-0.1205120347518771,0.0057729831926491,-0.2134035236049282,0.0187848761810283,0.185760792768799,-0.1194140179864874,0.0299115168991926,0.1405140974524984,0.1268658799118875,-0.0388826478300839,0.0485551240840504,0.0744327345626452,0.0485551240840504,0.0744327345626452,0.0045387612021149,-0.2507563574836227,0.0663384599939278,0.0045390054126947,-0.2507555876507168,0.0663410823566294,-0.0886462194915574,-0.0358843833288452,0.0342654279625344,0.1658396420767774,-0.0081171623472277,0.0342677689142114,0.1658400450366428,-0.0081067519743634,-0.041936655346169,0.0997822164325956,-0.0200534112180113,0.1009455606976771,-0.0202181718672994,0.0912570223790153,-0.0080550385429105,0.0238912035213748,-0.2033836113009169,-0.0443806435523181,-0.0538631235961506,0.132566396459233,-0.0538630918213927,0.1325661859173387,-0.062085378729237,0.0533989669615311,-0.062085378729237,0.0533989669615311,-0.0441477005311605,0.0591952125720163,-0.0594282522270326,0.1376189903514825,-0.1608236275111509,0.0026919299804117,-0.1452374746032336,-0.0543881447513858,0.0420767826794969,0.0457410694339866,0.0606034235814642,-0.0070600662747523,-0.0120880210198398,-0.0781396885396658,-0.0592708854663392,0.0687968533891489,0.2020628890197279,-0.0732389086723295,-0.0857507381310122,0.0242743064479963,-0.0308958305694926,-0.0798426291628484,-0.066606709967178,0.0107081871359989
0.0615243296520713,-0.0249394220927581,0.0280277478481135,0.0101794768937192,0.0661642677565035,0.0431432283085357,-0.0844354348138333,0.0875996767003267,0.0818353597919139,0.0328703345077126,0.1062503726177456,0.0189043468899807,0.1062503726177456,0.0189043468899807,-0.0770140230692956,-0.0127007843501981,0.0285584649832541,-0.0770139375922635,-0.0127012362742108,0.028559688678964,0.2073990200625222,-0.1243567809332537,0.0226925360723882,0.0522575184666938,-0.0522612238368301,0.0226898051690463,0.0522524300438811,-0.0522473303474692,-0.0844812191346762,0.1440820594179067,-0.0241268984874974,0.1431986390353574,-0.0237280713427946,0.1366708893158078,-0.0127610424829872,0.030142296771909,-0.0829761875229428,-0.0213404649103363,-0.1456888272545536,0.0640059779006291,-0.1456889918650121,0.0640059672109936,-0.124906084343286,0.0272720360642034,-0.124906084343286,0.0272720360642034,0.1241860552711023,0.1179211824668472,0.0532289726745448,0.0044523671637615,-0.0871173899225471,0.0347792985383479,-0.0661370655620535,-0.0113307230941645,0.0084681275056231,0.0585261257318386,-0.0412041499637342,0.0336659603460932,0.0344719493630033,-0.0329819461704236,0.1158207051956945,-0.1441915541822067,0.2207742811402037,-0.08709978737998,0.1461387346427929,-0.048945549827814,0.0076421245677258,-0.0155987912821635,0.0534070934127828,-0.0368479871040423
0.0761963702676158,-0.1380135508289772,0.1260930038402035,-0.0520670137946307,-0.0826212912714888,-0.0066860235901582,0.0665013552169911,-0.0453576737457143,-0.0311887592391682,-0.1228653346166538,0.0802504071298991,-0.1723253836689684,0.0802504071298991,-0.1723253836689684,-0.0795697267457773,-0.1865917660708387,-0.3281848673395907,-0.0795683021744297,-0.1865913670097444,-0.3281819668242781,0.13070867558398,0.063588804170039,0.1689685526728241,0.2422053386784277,0.0977142530242672,0.1689691116064266,0.2422051323585866,0.0977022946464304,-0.0734292683504093,-0.0307321807797651,-0.1106413605065802,-0.0318936394949821,-0.1095963909275693,-0.0365025433082947,-0.1022224364567454,-0.0868540275286041,-0.0264083094954166,0.0664064744070295,0.2779476899749506,0.3042104883216614,0.2779477465036722,0.3042102311530494,-0.1098200480978408,-0.095567944041741,-0.1098200480978408,-0.095567944041741,0.0426786698309828,-0.1263508595607626,0.0784716021055671,0.1586563445207136,0.0098162495492421,-0.1038923522338026,-0.0785844204688835,0.05690425386914,0.0292056430000419,-0.0973849492099785,0.1420064215856759,-0.1347469505123392,0.1708253654199271,-0.2138872583111712,-0.0205082677083892,-0.1675837757535613,0.0393428406641201,-0.0495661514300727,-0.0114675547534692,0.2393712308173899,0.0034399166417508,0.0715436347972639,-0.0621885539720023,0.1076153694487819
-0.0124243230303775,0.0574748554559738,0.111615015861294,-0.0401045355970629,-0.1966365332821347,0.0406690814721914,0.0145993220738208,-0.202140715731738,-0.209950462892577,0.1169009683873301,-0.1604618596839264,-0.0249901615558399,-0.1604618596839264,-0.0249901615558399,0.1665969303711615,-0.1068882011304657,-0.0230379780654617,0.1665964089738356,-0.1068887979287388,-0.0230400456390624,0.0331909729379959,0.1218113054725812,-0.2398197766695592,0.0769389093399474,0.2007931381741014,-0.2398232744684907,0.0769327497152767,0.2007958710124062,0.1554687742268355,-0.206298334319835,-0.0251333228118848,-0.2073550040121673,-0.0191056542334145,-0.2205456024138447,-0.0010232605781049,-0.0414525502924148,-0.2354069459343943,0.0956455219561653,-0.1962581490657083,-0.1518076514982557,-0.1962578332823918,-0.1518083860786072,0.1392366158343643,0.0146739909674912,0.1392366158343643,0.0146739909674912,0.0336085352282665,-0.0822553145896163,-0.0620290924732779,0.0264885274946556,-0.1009725212673033,-0.0343290929766592,-0.2051631867159109,0.123230848413166,-0.0529898078992556,0.0329536848545626,-0.093417976250789,0.0907039022659432,-0.2154671169984606,0.0082991839954648,-0.0823573318484603,0.114097168287062,-0.0914185365499079,0.0791418064564331,0.1278021565604912,-0.0226560990495056,0.0596110857557645,0.0165355540252696,0.0587137642147561,-0.0784681682877325
0.0017836917773507,0.051917588841457,0.0531453412898494,0.0517047520152663,-0.1020162885401611,-0.0614314561709907,-0.0912299872162883,-0.0930420583093605,-0.0990345578519333,0.0587823874220865,-0.0781510534757753,-0.0074895154555693,-0.0781510534757753,-0.0074895154555693,0.067110264269545,0.0894615327474186,-0.0405518695683741,0.0671102732299983,0.0894622414325891,-0.0405547353143447,-0.0246015330976022,0.1311533782358886,0.0338896042997152,-0.0379056615209677,-0.0034985889135693,0.0338926567724264,-0.0378935000384689,-0.0035010076504029,0.0442686611652589,-0.0880240456959127,-0.0038686326914993,-0.0919002408530668,0.0071004466290412,-0.1010824971889582,0.0209009943014868,-0.0826136962858854,0.071645329425105,-0.1965371640840213,0.0943892991417451,-0.0555303309057554,0.0943895079969524,-0.0555311009942465,0.0545367218811105,-0.0123176787759956,0.0545367218811105,-0.0123176787759956,-0.0539412122105084,0.0113337839255598,-0.0147944102928195,-0.1397208676536907,-0.0092590639875959,-0.0142047783981835,0.0016892420554429,-0.2389747094480604,-0.0185760572129694,0.009752893423533,-0.0206774323849936,0.0348184477265193,0.0662134179464087,0.1302072727412908,0.1032825400442184,-0.1226107551623399,-0.1547292738975882,-0.3047553314352301,0.0148148190350533,-0.0956624624194348,0.0344616899861755,0.0185676456173582,0.0105545065472782,-0.0983200344912668
0.1073410868332268,0.171892789605769,0.2081656255918708,0.0728289105467214,-0.1374469146679882,0.0465846496265139,0.0937495688705625,-0.0508285229520248,-0.0572730764043469,0.0171679536415603,-0.0740023199685925,-0.060135607581672,-0.0740023199685925,-0.060135607581672,-0.0598703082161697,0.0311613748913926,0.0494692260134737,-0.0598696277399789,0.0311605779882773,0.0494686375427523,0.1969109522227544,-0.1536685215896667,0.0253681787099146,-0.0665747380569121,-0.0133119609513305,0.0253664447804638,-0.0665735818854781,-0.0133087258216383,0.008623025136593,0.0036372448178497,-0.0681032670062869,0.0023055043365315,-0.0666397542025203,-0.0024271505818516,-0.0733930735252235,-0.1051264957058904,-0.0420091937434176,-0.0567549454489861,-0.043586713892613,-0.0806818002901749,-0.0435867386611135,-0.0806823864177953,0.0782643503085418,-0.0508653139897424,0.0782643503085418,-0.0508653139897424,0.0873298381645325,0.0192128170094455,0.180507382381127,0.1067884701958436,-0.0817581882406942,0.0145255516631048,-0.0174055856167841,-0.1508202576881093,-0.038673756436292,0.0319458748531572,-0.0867927765386119,0.0756185378892934,0.1611394658017034,0.0773584046570545,0.172882026736606,-0.1617629237925021,-0.0872636896151047,-0.0256024630823573,0.0870631185002729,-0.0709393431909569,0.0741700499902184,0.0710852022988975,0.0701537204352551,-0.1184023671601178
-0.0950286395027043,0.0481043851748845,0.0055099862687052,0.1037682699823771,0.0294033787541752,0.0971131110591368,-0.067656339625564,0.094173809776257,0.0652336909664857,0.1008721447239105,0.0060688740294731,0.0816008374793961,0.0060688740294731,0.0816008374793961,-0.2146938882872171,0.1923282011374159,-0.0742577661148439,-0.2146935159769442,0.1923247194979592,-0.0742614398790265,0.0322694972372044,0.3859520897545907,0.1955198162625269,-0.2292900416241438,0.0320412523969834,0.1955198124592695,-0.2292892471591929,0.0320450962510881,-0.0743770694332546,0.0535280974827336,0.0859540535599487,0.0616068373356359,0.091435210908375,0.0520528414477833,0.103865484323808,0.308346724540455,-0.1040468400372861,-0.1957601841123823,0.1095619038681064,-0.1876761062792593,0.1095619647647692,-0.1876759562772825,0.0061604159547401,0.0882839103857985,0.0061604159547401,0.0882839103857985,0.1682709625267377,0.0230738895797206,0.4423263159674864,-0.059072206193337,0.1529829764260608,0.3440476277002739,-0.1659201369149944,-0.2143323412282655,-0.4243072279778826,0.1950929509407699,-0.0330849876211877,-0.3837754489318778,0.4607055038136831,0.167639638521499,-0.0251822432169145,-0.2773763451580583,-0.1764248296492715,0.1667783222962395,-0.2413571596682578,0.13490884424785,0.3982685035355766,-0.0482619369551194,0.1067806809160403,0.1819953453752082
-0.1687263126337565,-0.0653643646588991,-0.0871379180534816,-0.0198256195308244,0.0066627635821927,0.1210667015644845,0.0244670479194204,0.0043399280363188,-0.0145519154804145,0.0924879062463416,-0.042148709510484,0.049716312562494,-0.042148709510484,0.049716312562494,0.1875023785513481,0.0172316607362289,0.0377964478182071,0.18750093002981,0.0172311536215414,0.0377963152478889,0.037198057941563,-0.169936827252373,-0.2173578135959819,-0.0454164981226104,0.073431942385296,-0.2173565074395286,-0.0454096262253423,0.0734337674351432,0.140350710540021,-0.0639716063980265,0.078312581763138,-0.0627954503999618,0.0861966052889547,-0.0676305114384136,0.0977780013133693,-0.1464382903155084,0.0952796721817771,0.0382326811922183,-0.1014242988519945,-0.1287164432677152,-0.1014239909055216,-0.1287165424540124,-0.0925949280866165,-0.0351824835189854,-0.0925949280866165,-0.0351824835189854,0.1833106869458645,0.0454022137134283,-0.1872139818388113,-0.0920739616087614,0.1419382171261296,-0.1324785851341933,0.1624334525921366,0.1359255685376181,-0.0162002235253179,0.0616677030416202,0.0117676917156092,0.0175968736250847,-0.2168408932123361,0.1230686817786293,-0.1188148815348061,0.1054077955167291,-0.0638573164158755,-0.1142730578607456,0.0019654240690944,-0.2664572262626994,0.0170353449485268,-0.0473077502476721,-0.0322026887418576,-0.0335404868225
-0.1134878208796904,-0.0041405472865791,-0.1232341660188662,0.1149167157373971,0.1710832391694445,-0.1833669170123357,-0.0056371944512672,0.1568383811299172,0.1433009580684437,-0.1145012228131097,0.294383410115804,-0.0008937415528297,0.294383410115804,-0.0008937415528297,0.0386793975791175,-0.0812963451548937,0.0490829894480658,0.0386788309360256,-0.0812983099482331,0.0490834463989528,0.1807385899520137,0.1594490982545444,-0.0652887986144245,0.1619642516005534,0.0197942559631277,-0.0652872439230277,0.1619667051430871,0.0197933133854854,-0.3720155796281357,0.1452600423148754,-0.0508924524068025,0.1440245083894951,-0.0504722394540902,0.1512156049772352,-0.0572238465669716,0.1553197595238975,-0.0842673070568052,-0.2066410718650023,-0.0728771030407427,0.2567602333948672,-0.0728772787450453,0.2567599698646086,-0.1628840066135082,0.0381673224783611,-0.1628840066135082,0.0381673224783611,-0.1548963397224552,0.0722132052937289,-0.0502343387282297,-0.0501026143019441,-0.0085020129924214,0.0926492671603702,-0.0895132104386748,-0.0913926033937385,0.0509229794801367,0.0311246044781618,0.0281954963144105,0.01251119534321,-0.1372138705549789,-0.0959062438866919,-0.0572824146483017,0.2893764331262829,0.1387641842772861,-0.1240557876863505,0.084005139901033,0.1522634297265494,-0.0465590507695358,-0.0377621967593907,-0.0162099564424571,-0.0199284581687848
-0.0381569439228241,0.162519142907822,0.0302006115795349,0.1864653272794416,0.0517186215037048,-0.0809821534290163,0.0213098287626372,0.0402971253135683,0.0354519027124412,-0.0827548737742361,0.0009218379425027,-0.2225806863213716,0.0009218379425027,-0.2225806863213716,-0.0666418144496332,-0.3112348574267567,0.1783517327298234,-0.0666421470225871,-0.3112355751552505,0.1783523746808359,0.1328157588194104,0.1556781572012094,0.0160674641378076,0.2875576545650308,-0.1645498943532636,0.0160670406261364,0.2875478600223495,-0.164567551278342,-0.0630292151581062,0.0763444449497374,-0.0527291823918612,0.0752544090969177,-0.0513865965018042,0.0914581276969614,-0.06956489713908,-0.1157244427614991,0.0320454417700749,0.0307199992634712,-0.0547601091295642,0.1352106155877618,-0.0547599386703952,0.1352109918525429,0.0767255012685694,-0.3075009616578434,0.0767255012685694,-0.3075009616578434,-0.1561589183294198,0.0566722292198825,0.0160898246251866,0.147196416563826,0.0353655108213902,-0.111155840225389,0.0605106724738596,0.0266955224412739,0.0136587798637128,0.0224762370961145,-0.0407384184490046,0.0504497192473268,-0.0068221354158974,-0.2750611640974681,0.0837423129477006,0.0644135545214008,0.1046442630208961,-0.0299754333184074,0.1737918044921659,0.0980294185490506,-0.0107430398174469,0.0183966595608895,0.0333104515396502,-0.0399851849413203
-0.0589850554298456,-0.099676606878951,0.0097482535417764,-0.0964923642191786,0.0059967845728506,-0.0871990518672721,0.0659273581455598,0.0035751162673776,0.0054027874501113,0.025172832553852,0.0113260921958661,-0.0470868462479666,0.0113260921958661,-0.0470868462479666,0.1015676792339664,0.0248597558684391,-0.0282180855459606,0.1015677669316912,0.0248604028545731,-0.0282161698789723,0.0823586243548592,0.0107995436815641,-0.0697802772339966,0.0346866880177813,0.0993541222720639,-0.0697833117899889,0.0346818744421671,0.0993442333585236,-0.0145472021518612,0.0093477631462305,-0.0470747473184334,0.0066898002091642,-0.0383898190628618,0.0019667476590837,-0.0290911271334715,0.0325205693699536,0.0504449941956902,0.159906148649553,0.0864514669314715,0.1614548879889169,0.0864514981018751,0.1614551264651845,-0.0289335433361489,-0.0873592601340329,-0.0289335433361489,-0.0873592601340329,-0.1308381756897033,-0.1342953936560622,-0.0999402883906978,-0.0153163467158093,0.0607020549211336,-0.0322038426543865,-0.0708658504905161,0.0509096736479871,0.0069425471198677,0.0006180552611768,-0.0247233151123694,-0.0397691824481166,-0.0363340956118972,-0.0190102659889168,-0.0843508501009764,-0.0533691342537253,0.1013392972151727,0.1036968692006888,0.0097257123665386,0.1905747527446421,0.0054135996318015,-0.0267623826798941,0.0471955636005476,0.0122147576292291
0.1114979168766376,0.0542798997838551,0.0987575479524836,-0.0072584611138413,0.0485271571087877,0.0793496617352139,-0.0343985442982384,0.0690224914403583,0.0658052118612095,-0.0289207131605026,0.1403788444832612,-0.140144500254558,0.1403788444832612,-0.140144500254558,-0.0336612907792766,-0.0757074735460908,-0.0550543678351145,-0.0336617979834519,-0.0757068998371209,-0.0550544960435522,0.0118304364491265,0.062571387119725,-0.0014576083274792,-0.0828742234807766,0.1016317106928035,-0.0014607660723602,-0.0828753514697624,0.1016267734079797,-0.1312975570357601,0.1566338958442718,-0.1492044020094389,0.157087485688796,-0.1589350491014959,0.1561921785429418,-0.1736095700377758,0.024734568454004,-0.1108067416746295,0.0159532314253199,-0.0935514899547799,0.0004778520972633,-0.0935518060834417,0.0004777176142456,-0.1348712279642698,-0.0578252919756486,-0.1348712279642698,-0.0578252919756486,0.1236612371461981,0.0153849159854207,0.0292909105511771,0.0449812469651934,0.053678230231025,0.0219681114973983,-0.0021714840549301,0.0139216356824806,0.0195701817429942,0.0168286486663046,-0.0323531281931831,0.013873322509002,0.0537078509808084,-0.000123365117128,-0.0528514031389022,-0.1032487673758084,0.126336881136797,-0.1349859788865765,0.0855165755293305,-0.0310634975116558,0.0363068092550034,0.0167377819485562,0.0663044530167442,-0.0418445053269526
0.0931592076994671,0.0345845482513418,0.0933662806906116,-0.0451604943244949,-0.1996310282130235,0.0982423392188945,0.1089120984952611,-0.2003786807180914,-0.2053575788393248,0.0624974340917667,-0.2342103926925733,0.0334647579307527,-0.2342103926925733,0.0334647579307527,0.0488588214599347,-0.2383715317273594,-0.0790675123056956,0.0488589333853598,-0.238371072770779,-0.079068237227399,0.062622465167882,0.001745529778971,-0.0877515816750944,0.2275447549918823,0.1650336206872934,-0.0877471943860587,0.2275598226697493,0.165033892784118,0.185428722836917,-0.207701015971133,1.1189680635780112e-05,-0.2085195470936083,0.0067578724148423,-0.2234672442128513,0.0427245922692239,-0.075246556121171,-0.0507364755051479,0.1025621404024369,-0.0755427998090405,0.1245881140129559,-0.0755430159890193,0.1245883775132848,0.2123743182269596,0.0472142102617239,0.2123743182269596,0.0472142102617239,0.0146183151560024,-0.0555718281914613,0.014829786194184,0.1309592667270112,0.1288755961026021,-0.02038029884318,-0.0822446462772227,0.0456417022219158,-0.0523786585297255,0.0320050719950086,-0.1131552399808221,0.0953842548906054,-0.0029604919706934,-0.0982794576994409,-0.2228005546077721,-0.042969181766459,0.0172586924504856,0.069411808287482,0.0512726735514662,0.1449323441980292,0.0373064005520209,0.0048745436712114,0.0685745792386399,-0.0907371290698566
0.1073408303368647,0.0754150682062308,-0.0196555817459277,0.1232211288712275,-0.1093911453668203,0.1146387487058077,0.0859607394082463,-0.128722845173533,-0.1601776795042162,-0.3811629031936144,-0.1303509117396865,-0.1211115097595256,-0.1303509117396865,-0.1211115097595256,-0.1405826265257997,0.1513425724302899,-0.1092448658558285,-0.1405826137055792,0.151341445647946,-0.1092459661425811,-0.0162778258529589,0.0735617331921955,0.097923355071513,-0.1219505931238476,0.040138513278176,0.0979220986381854,-0.1219433827194732,0.0401262637764744,0.0905286486913106,-0.157434821198611,0.0826906813894469,-0.1582405431682374,0.0941631054234878,-0.1294806103951163,0.0547789247585225,-0.064002460028651,0.2337152883576185,-0.0132821142058031,0.0972961882670145,-0.0832342389288306,0.0972959539148463,-0.0832347864681678,0.0190059257497781,-0.1109965989303554,0.0190059257497781,-0.1109965989303554,0.1179526011703934,-0.0929846937356463,0.0106677856575311,-0.1114525929698679,0.0883150705745013,0.0314299704212896,0.3739842618620968,0.1326602411115104,-0.1852373259310232,-0.4362008627098573,-0.2267729981098884,0.0640140347111142,0.0276832904684544,0.0925376299273567,-0.0755130290637094,-0.0050538389534526,-0.0546253174139295,-0.2095007276448844,0.0086176409171455,-0.0928219993419493,-0.0418163952357183,0.6514247293489347,-0.0498985010495792,-0.2130277226814182
-0.0034729153425638,-0.0298622590911616,-0.0574447166862504,-0.2936415937804684,0.005605786121502,0.1224578152579681,-0.1782570992045981,0.0077776417710924,0.0206101046600174,0.1019084478463764,0.046658882402341,0.0435570401943643,0.046658882402341,0.0435570401943643,-0.0664305317089212,-0.0437069428789529,0.1085209930611629,-0.0664313999825119,-0.0437062750711298,0.1085210368303803,-0.0109558321672336,-0.1170454810517555,0.1425123048016118,0.0749145251867179,-0.0760320586384001,0.1425155650432423,0.0749077518373732,-0.0760307407622798,-0.0518080840950613,-0.0332554333017368,0.0442915345286365,-0.0315814718899766,0.0367535295265472,-0.031042741886586,0.0382603771728945,-0.0487705425241348,0.061797735108056,-0.175564953567,0.1435475688302348,0.0127899512351053,0.1435475781881469,0.0127908758812197,-0.1385424837567704,0.1222187838152605,-0.1385424837567704,0.1222187838152605,0.1284762711339827,0.1241178638917716,-0.0289154746043168,-0.034266805052425,-0.1370090670544845,-0.0489982867430032,0.0303638853170316,-0.1493234629357816,0.0091250328186669,-0.0164420952917456,0.1321569077516695,-0.1876437833533138,-0.0613433496651873,0.0738029615419327,0.1024516390948416,0.0596435049852238,0.0453817643327573,-0.2347634033567494,-0.0230292860299962,-0.3397112333163586,-0.0277971452320721,-0.0338294785024069,-0.0381750690469881,0.2019540677821885
0.0719850643273973,-0.1033281056797468,-0.0845436229220837,-0.1231450076220329,0.0873890974079734,0.0692103222100795,-0.1869125182495085,0.0640771676644311,0.0482767670736229,0.0919839781199495,-0.0693466985878321,0.0875233875037273,-0.0693466985878321,0.0875233875037273,-0.2021733036663882,-0.014964976517005,-0.1299904920092545,-0.2021737027330746,-0.0149658317082017,-0.1299901235187039,-0.2106483349743406,0.1585395409553007,0.22388449724027,-0.0542985911206089,-0.0849234309791329,0.2238853026322502,-0.0542970130532107,-0.0849323036958877,0.2120393595523086,0.0788684400093248,0.0940030207619657,0.0782465219099982,0.0955278806083972,0.0765698685462426,0.1112631430154042,-0.1475545692372921,0.0473018349898814,0.0393049871455509,0.2939628814111803,-0.0152942074948697,0.2939629216049663,-0.0152947577449161,-0.0402356714972986,0.0258430996884988,-0.0402356714972986,0.0258430996884988,-0.0395665389421674,0.0772138738404036,0.0010612438388376,-0.1153658536658788,0.1893373785882122,-0.2021593263951168,0.091514303443143,0.0028057545889598,0.0103676756316282,0.0743889488245088,0.0208249451731531,0.0300369029221382,0.186817412116079,0.1180643069293037,-0.0244793257660378,0.005365194068325,-0.2256453184772774,-0.2904649586490799,-0.2783121803494025,-0.0731465218440383,0.0132092006893576,-0.0697329505461901,0.0001706754261593,-0.0436569897973924
0.1311417295670904,-0.0215213176930776,0.0378487612138593,-0.0991007894741591,0.0108982835380552,0.0314978439010547,0.0634600469165195,0.0186456095981118,0.0413648445000232,-0.1505024393786608,0.0808146462674136,0.0086878676265965,0.0808146462674136,0.0086878676265965,-0.0976679578754883,-0.0145125580154011,-0.1998877686011289,-0.0976673006146607,-0.014512820591292,-0.1998860188841673,-0.1210368048024754,-0.1444546718716967,0.1716893241530371,-0.0274190295260558,0.1983354824316506,0.171690615559191,-0.0274206941903885,0.1983166319686121,-0.0963673014753101,0.012439097653538,-0.0437828706256222,0.0110916362120681,-0.040833639068413,0.0118597711765473,-0.0295033236633945,-0.0720254013587103,0.2540383376207939,-0.005189141205754,0.1699036096905812,0.0264011254915531,0.1699038990330708,0.0264011511955559,-0.0946256973848028,0.0890659240638247,-0.0946256973848028,0.0890659240638247,-0.0474281342866217,-0.0198364240527545,-0.1879382681622735,-0.0631834478832499,-0.0444042602581522,-0.0374385139788315,0.3146446433294906,0.0199436652945619,-0.0202295165650008,-0.3357413736259319,0.0054378907702961,0.0686023527225778,-0.0018141760464746,0.025207713941552,-0.1780359134045561,0.163395581729338,0.2003550417589415,0.035928219495952,0.0162466907597253,-0.0533018038602941,-0.0620537795190436,0.2371003675485743,-0.1758442790648191,0.061123265706059
-0.0040952942834938,-0.0104938883068139,-0.07545671016229,-0.1132146389136256,-0.0162191464511113,0.0625010512932073,0.0092475657984412,-0.0361833614455988,-0.0266487431106937,0.0486568222677532,0.0051811824657284,0.006176878319601,0.0051811824657284,0.006176878319601,-0.0814762113715052,-0.1600995892696095,-0.2985201805958461,-0.0814765809567245,-0.1601011812984257,-0.2985209521326237,-0.073617565861736,0.0629374340911269,0.1293294550322114,0.0416418293968882,0.3305122058714538,0.1293297415060199,0.0416509151686001,0.3305060891644874,0.047137550392641,-0.0787408193317487,0.0877082232561471,-0.0746558583218027,0.0779718260183303,-0.0724293925985702,0.0887133505721672,-0.0853675058610666,-0.0255061880768179,-0.0388919288633282,0.1321590440759689,-0.0039057495896303,0.1321595168634049,-0.0039062039520157,-0.0034237765626717,0.2356722344142498,-0.0034237765626717,0.2356722344142498,0.0737119933860465,-0.0123268639482283,-0.1082913607895867,0.0106442617604852,0.2318032873461905,-0.0906857802415301,-0.117867465913864,-0.1787874700108576,0.0035078378377386,-0.0246735033970836,0.0769910156251952,-0.1582214417741754,-0.0066071526296535,0.0368008087464435,-0.3036506497540925,0.1080660304024315,-0.0069444291563152,0.0505650093690719,0.0209104785610615,-0.0786684081956692,-0.0255327473324784,-0.0182096872920931,-0.0660331218642539,0.1199311487631485
0.1720072845398761,-0.0048614977654435,-0.0813362526758956,-0.017247867202312,0.0349692431076119,0.0556301800660807,-0.0131074265514832,0.0041153999256002,-0.0125850661038434,-0.1186642842260673,-0.0015750795819625,0.0088467406149038,-0.0015750795819625,0.0088467406149038,0.0511538829400507,0.0182856475154595,-0.0973955837104205,0.0511547817924142,0.0182879390569417,-0.097393959285976,-0.1507353984883882,-0.0124495830342079,0.0354341161204928,-0.0954218956161751,0.058475425046035,0.035429498414244,-0.0954149745821808,0.0584777549311905,0.0388470195657272,-0.0656835103845765,-0.0781029649742897,-0.0629700365234693,-0.090912007109241,-0.064429556393222,-0.0860997821516148,-0.0128076810472072,-0.084297013548716,0.0425385894381253,0.0640273532424558,-0.0739528677461884,0.0640272347300108,-0.0739526839630381,-0.0716447753785517,0.0804074849681564,-0.0716447753785517,0.0804074849681564,0.0062336202448279,-0.0529602191420049,-0.1358638522471004,-0.0369896601358077,0.1332890566882741,0.0347631674137155,0.1077328773877763,0.1102336545759488,-0.1297939009932686,-0.2624519428302784,-0.154761261371965,0.003108258932359,0.0555837409677112,0.0355818751297873,-0.0792178004623268,0.0134308146497703,0.042332904747491,-0.0660400883089402,-0.1281990774699696,-0.1140186594337087,-0.012020387707285,0.1499024151092912,-0.0102328112721084,-0.0078486560722516
0.0155421350421798,0.0184979749034176,0.0900240162523541,0.0092713516969559,-0.0400938197669929,0.0244081600561278,0.0859195950069472,-0.0495608767588175,-0.0154352994828517,0.0910713752048043,0.0432087349393856,0.0500167232157188,0.0432087349393856,0.0500167232157188,0.0298255875713428,-0.1280673053582712,-0.0142179318192246,0.0298244851871624,-0.1280672621386692,-0.0142192780633922,-0.0295975561558474,-0.1662677454594616,0.0336684153517462,0.0383181816639805,-0.0157953417805174,0.0336660532317465,0.0383328494237203,-0.0157972143638451,-0.0375876082962502,0.0377270798888161,0.1115988052224802,0.034790171947393,0.1199843248949082,0.0511882426336328,0.0778367132201855,-0.1273419202292491,-0.0459686503249083,-0.021990090662295,0.0190735923865651,-0.0652952849340054,0.0190737910277297,-0.0652956762707242,-0.0263498754459976,0.0733908556367124,-0.0263498754459976,0.0733908556367124,-0.0140683470086888,-0.1008883185350375,0.0114727633504727,0.0761610999307693,-0.1357352010436875,-0.0216526857038071,-0.0088607082132094,-0.1175922975251621,0.0444463872903424,-0.0645843924168772,0.1591700910348612,-0.1304722438083944,-0.006758193394812,-0.010644196258089,0.0669575061132237,-0.0794130075808777,0.1736928732335989,0.2014856378602182,0.1061437887344055,0.0141276424330862,-0.0441193071372817,0.0471738269629178,-0.1356065327719791,0.1145610006430317
0.0590735298809568,0.0730630550994793,0.1441667385521813,0.020562649918071,-0.1284762601149129,-0.1111854607485529,0.1625484597214692,-0.1039742367487628,-0.1105194583696494,-0.0107023906364768,-0.0356440359951857,-0.345541693184344,-0.0356440359951857,-0.345541693184344,0.0291016563573105,0.0692053137246446,0.1322611103367405,0.0291018298454575,0.0692071731696465,0.132259199320327,0.1131038792173174,0.0642301359471347,-0.0462920488909516,-0.0770597061100115,-0.213474717675005,-0.0462928388294266,-0.0770575126240355,-0.2134785746728344,0.0731784425620119,-0.0835384056794234,-0.0197347990633964,-0.0809254385465469,-0.0281339256389403,-0.0678725602672089,-0.0813228561990142,-0.1594770001454953,-0.0401193634392989,0.0513484413223007,-0.0724639919175198,-0.2559349216869051,-0.0724638257335687,-0.2559348415959759,0.0379581973614359,-0.416333022134517,0.0379581973614359,-0.416333022134517,-0.1532307514323706,-0.1235632058044003,-0.0182346225849117,-0.0415239199556129,-0.1062560295790051,-0.1263168752356163,0.0379614402796578,0.0760704107651095,-0.0232252055910659,0.0092150116741694,-0.0743457607806757,0.0810119603588483,-0.0744977174168954,-0.0175159929129891,0.2836485742226146,0.0800226360706276,-0.0975937345781204,-0.1070632504915489,0.161571241080522,-0.2064858246460944,0.0700901236067741,0.0409716298606027,0.0644789766755391,-0.0504394965042981
0.1126219963007409,-0.0670925281925963,0.0655866168795365,0.0834483882585025,-0.0320819940797,0.022979854823742,0.1441900139029213,0.0078439953539595,-0.0017505485010201,-0.0730779601768137,-0.0025735687400909,-0.041690604040337,-0.0025735687400909,-0.041690604040337,0.0500628238786424,-0.011919249722206,0.0083224323681719,0.0500633258736435,-0.0119192391728725,0.008321571435504,-0.0378255819715724,0.0807023462407863,-0.0505650078345273,0.046826919464506,0.0379511355688671,-0.0505690686520478,0.0468258804187213,0.0379588585146214,0.0360258241638275,0.0420362985073897,-0.1043526346771878,0.0412047504389062,-0.1039341720995088,0.0294369869280097,-0.0903307047794705,0.1010641739856566,-0.1267108725829986,0.1896732372640807,-0.1401387439870654,0.0652965817757033,-0.1401386437424354,0.0652977209381794,-0.0600064647215662,0.0457984241289562,-0.0600064647215662,0.0457984241289562,0.0157113114073309,-0.2057204317669206,0.0125459611029215,0.105135418700627,-0.0096546652875543,0.0425364029477062,-0.169408858465543,0.1285690034777626,-0.0031759047280861,0.011181256592574,-0.0466373766261126,0.054748836971825,-0.027991132866802,-0.0790051531840053,0.0152953566429675,-0.1671898445856302,-0.1380019988801613,0.2811651248001569,-0.1143598851781487,-0.0597898753878954,0.0266580935532986,0.017336725151095,0.0329165862085796,-0.0673377194734458
-0.1904681396642062,-0.008037116704445,-0.0667607190914924,0.0218090658043276,0.0255443254017316,-0.1407264564792565,-0.0977383352461211,0.0440920569665756,0.0340557149603916,0.0277797407897844,0.0062647937307231,0.0030318145148928,0.0062647937307231,0.0030318145148928,-0.1341094082293934,-0.0472989599218957,0.0233322805175418,-0.1341093647414391,-0.0472990005112787,0.0233331587571112,0.0879804655729724,-0.0970779579356282,0.115277785955219,0.0865407918798271,-0.0506698865442956,0.115271744008193,0.0865428591335616,-0.0506726857290949,-0.0338776751695096,-0.0176951534468616,0.0196032471478365,-0.0142530844511455,0.0084189349213463,-0.0224711192651719,0.0341458367362384,0.1400251104069235,-0.039229655076737,0.012697009143155,0.0417055090622931,0.0390687705731329,0.0417050002522104,0.0390682522701347,0.0237936873335008,-0.0906807290081481,0.0237936873335008,-0.0906807290081481,-0.0173749239387615,0.0612674111909377,0.2122428469409872,-0.0473241940237542,0.0835724497279771,0.2100465171413152,0.0176799347304771,0.0436477157759989,-0.0476081871823903,0.0277601401852651,-0.082863050007039,0.0509882057848194,0.0911917361670163,0.0179630524761077,0.0221492644207507,-0.0620605477402212,0.1711629917131117,0.1684411069510068,0.0266717277864966,-0.0194661957800152,-0.0215659679720035,-0.0398146145996326,0.0371200582610957,0.002371060762933
0.2669163681603751,0.028209008781774,0.1629158026953998,-0.010548836846484,-0.118826669968102,0.1136265367919095,-0.0208374581501154,-0.1063106791021998,-0.1318484272103958,-0.0242662648717028,-0.1988288488205718,-0.0113878472128996,-0.1988288488205718,-0.0113878472128996,-0.0926356017470601,0.1005460812158671,-0.09116444018446,-0.0926365675113337,0.1005456845122586,-0.0911638897970937,0.0474492301816709,0.1269237983930263,0.0898046950036691,-0.0866205582762358,0.0069157955857534,0.0898116429895184,-0.0866267246696129,0.0069347803705834,0.1134344487085649,-0.0395296807262434,-0.0572925288181336,-0.0414238919734996,-0.0563608259662005,-0.0476056384351991,-0.0417579092920259,-0.0105690928729827,-0.0557263681200912,0.0251538862887899,0.036428540120805,-0.0520581527289887,0.0364277795139096,-0.0520567236335793,0.2344196909414855,-0.1103402994049719,0.2344196909414855,-0.1103402994049719,0.0394249511511291,0.0273900529379705,0.1127609033502774,0.1959478156918729,-0.1806111024968961,0.0986286595119712,-0.1604654524630528,-0.005648304813591,-0.0767680758598654,-0.0856610776472554,-0.1090934583796317,0.2359864664573829,0.1989549878525312,-0.0137099901564921,0.0030345546684194,-0.0269707684039769,0.0639666553180767,-0.0608841416208253,0.1150843987453495,0.0204783960734754,0.0868588223754485,0.0999005476833057,0.0389660215394096,-0.200517273039226
0.1583970270331643,0.0822763511525823,0.0173415633708032,0.187842133400894,-0.0713190762452237,0.093546694452504,0.0236654039566491,-0.0775697888354648,-0.0034189254527072,-0.2314796038500712,-0.0681080233623204,0.026764688352927,-0.0681080233623204,0.026764688352927,-0.061529829757272,-0.0030418222238474,-0.0096694864312966,-0.0615299158455794,-0.0030406866542591,-0.0096709261346077,0.0866481752114783,0.0516451811214858,0.0471468261781037,-0.134691685442476,0.1046262488472373,0.0471504473798694,-0.1346860965529751,0.1046223872683918,0.02304467319585,-0.1005219138238084,0.1828765349594622,-0.0589091284701713,0.0547372271621784,-0.0776902788120352,0.1406678027468762,0.073096847675668,0.0865464857174692,-0.2612639831889636,0.0317335043087006,-0.0628937060780371,0.0317331107648964,-0.0628938573679192,0.0471266101874812,0.0303074160861799,0.0471266101874812,0.0303074160861799,0.0463011500308648,-0.0586119398325678,0.0722195526058034,-0.0502746815112644,0.0238112206420286,0.1321728091097246,0.1584846020121095,-0.1343069996487095,0.0477599754039996,-0.1099759458884092,0.1590444001907738,-0.1595408283556774,0.0310991691957694,0.1159314379122776,-0.0094171231524897,-0.0596361825920182,-0.1355182866617651,0.0095355199562575,-0.0312717749487179,0.0881039411961847,-0.1438158476782345,0.1177301610113063,-0.2043003296067971,0.3751928857635437
0.0172943993864575,-0.0042210188040732,0.0203725736015189,0.0344048577490658,0.0914330560614209,-0.1253235557777711,-0.0879383567759151,0.0940615453073959,0.0876979557729893,-0.0241823426246464,0.0724126074879811,-0.0719522660824355,0.0724126074879811,-0.0719522660824355,-0.0138290464455357,0.0086376128906911,0.1577687646581171,-0.0138292021409495,0.0086383084194758,0.1577689284162012,-0.0055993149745655,0.0916201016330718,-0.0922201629375436,-0.0682638461506007,-0.0394750554489904,-0.0922174361150024,-0.0682692550624403,-0.0394770728640466,-0.0327094499940191,0.1138951735540087,-0.0839448857319859,0.1130297084300176,-0.0823952165317342,0.1038779748310309,-0.0739732410826691,0.0682799150251134,-0.1060596957152128,0.0706967927902295,-0.1032902666002396,-0.1529899747027003,-0.1032903513553906,-0.1529899809557831,-0.0973873364965167,-0.1029687647696268,-0.0973873364965167,-0.1029687647696268,-0.1748570201125304,0.1941188075300754,0.0261982891930171,0.0287335164688823,-0.0191817608264226,0.0164472938524966,-0.0296506798288868,0.1154192128548238,0.0234763926086915,0.0348692398035963,-0.0254348386801092,0.0389470726956607,-0.0542323876201897,0.0296461189665853,0.0501584488618592,0.0418672232241698,0.033693814294529,-0.1560582573583699,-0.0733407442993028,-0.0258662450526929,-0.0008780134812641,-0.011694206033222,0.0565824213455581,-0.0315521735029476
0.0938967574732375,0.1115954617101118,-0.029107909003141,0.1007045597209768,0.0144054335506717,0.1728791138151335,0.0925264188470517,0.0213206022921336,-0.0243234040383654,0.1683350615400784,-0.0863958435626544,0.0936806254291361,-0.0863958435626544,0.0936806254291361,0.1447965204967012,0.176507495688412,0.0171988357082037,0.1447967787841738,0.176507468891724,0.0171992643556735,-0.125554843414555,0.0039930836557184,-0.0896346637037803,-0.1395503976120888,-0.0414672706765495,-0.0896362503791085,-0.139551321545494,-0.0414651612832678,0.0385278990322968,-0.0205220705118317,0.0307632711024209,-0.017867076388411,0.0408274998195106,-0.0217666432662044,0.0357452879046835,0.2875639188385543,0.1149599455250325,-0.0426268425195811,-0.0740773291351745,-0.0998132606791055,-0.0740776046522608,-0.0998125480608354,0.0937596339101773,0.0722655510620123,0.0937596339101773,0.0722655510620123,0.1915768704821934,0.0372925456219314,-0.0874298517363023,-0.1704514311375618,0.0367512522910145,0.2260615144882987,-0.0334948338159381,-0.1444365895481817,-0.5325388224144607,0.4496993588452988,0.0805048742155311,-0.0762862955753074,-0.0743937835397375,0.1178023353742138,0.0301947082164378,-0.0499431745429926,-0.2759641193197861,0.0284991710395219,-0.0574290586206767,-0.0474800504788753,0.6254471355329708,-0.2261804109978105,0.039826212835818,0.2571788416304598
0.3634740824492217,-0.0796692369322582,0.039373330429677,0.2913528533983295,0.0258942832399122,0.2321786670176092,0.1542123393424613,0.0468075837554234,0.1203558499361031,-0.1084925313389958,-0.0955832057900551,0.2048567536026173,-0.0955832057900551,0.2048567536026173,-0.0786715741610994,-0.0032040285473134,-0.0786981747882604,-0.0786717043295602,-0.0032048550060156,-0.0786997928712007,-0.1432045634976707,-0.0817356642729649,0.1130485128541923,-0.1118517287358174,0.073082164974172,0.1130459623073471,-0.1118470494609582,0.0730861030261388,-0.0403275905539703,0.0637002315281059,0.0384973395565171,0.066633142383012,0.0282283188267221,0.0728387185345239,0.0243475581763056,0.4296820497503831,-0.2363443945084022,0.065771530111217,0.142309467051084,-0.1912192557257689,0.1423093507530702,-0.1912192955718976,0.2042966366877944,0.2600901998091274,0.2042966366877944,0.2600901998091274,0.0579203219178773,-0.1451694570259363,0.1123197014528691,-0.0370398058575444,0.2277127488198675,0.3525678175053651,-0.0409051208613098,0.3614323825651493,0.4050594481432207,0.0349286930621611,-0.6018183602339597,-0.4750807670803996,0.2378708090131812,-0.0191205296246835,0.0308168837627474,-0.0528198183246967,-0.0838324629665231,0.0365035832378821,-0.2192428915763427,0.10509005741407,-0.4240916504324841,0.029387714363153,0.7271128097127713,0.3122854675965777
0.0256595815657789,-0.0332182977837832,-0.023201206905917,-0.0545789348036247,-0.0276343791462623,-0.0054212958366913,0.0576868483165657,-0.0065363960845293,0.0400620908020118,-0.2810350444554801,0.2777271954291255,-0.1956199489538116,0.2777271954291255,-0.1956199489538116,-0.2412090140612606,-0.0634651922932698,0.227261783167917,-0.2412094846320065,-0.0634633054133749,0.2272597717626489,0.2502933315731226,-0.2136381892778478,0.2296000696993024,0.1500769641436416,-0.2429284115158966,0.2296001835245675,0.1500743621323638,-0.242929859431022,-0.3015248195840463,-0.0311887062033036,-0.2116560044662747,-0.0329877630115158,-0.2118907247821952,-0.0236944112869255,-0.2204505522015273,0.103086237477607,-0.0121671613851273,-0.2115636865196334,0.1334038486488272,0.1975254468883956,0.1334040497642981,0.197525563469348,-0.1586730467407981,-0.0293918733841123,-0.1586730467407981,-0.0293918733841123,-0.0137519960952737,-0.0444389105810643,0.0765180426035435,0.0418093711122997,-0.1466178031941759,0.0883437628083334,0.0743209333430704,-0.2079677491492461,0.0658366394092461,-0.1109615831760058,0.190241836443708,-0.1496237312213601,0.0453688016218342,-0.1434882611367078,0.2424248371598165,-0.0817929419688322,-0.1672112646551195,-0.0485176275415451,0.0721845362792674,0.048730460596281,-0.1160004266056037,0.0409041816193586,-0.2020882216509675,0.2534968650102536
0.0800645775894663,-0.1028347959675049,0.0356692677249131,0.0399757001604719,-0.1502058433703919,0.0835752571564429,-0.08913783749614,-0.1672264342889278,-0.174830405620204,0.0495550021305967,-0.1236014377449659,0.0170957799113875,-0.1236014377449659,0.0170957799113875,-0.0636492203766529,0.0655606473086785,0.1656863201733322,-0.0636489619544428,0.0655613086320269,0.1656874670127286,-0.011989408856121,0.1407374426678075,0.1419288737699129,-0.0304378597013729,-0.1341045860773002,0.141926880342373,-0.0304367337542648,-0.1341069005000442,0.106845814024526,-0.1621267088294745,0.0589794993994203,-0.1528237401464471,0.0299354650871506,-0.1602241665136717,0.0550997282599393,-0.1311256123489002,-0.110107368116057,-0.1750040797222071,0.1415629891682055,0.003838074722512,0.1415632373603023,0.0038382656286625,0.0571664849340849,-0.0740644251186771,0.0571664849340849,-0.0740644251186771,0.066552932313398,0.0234641612053962,-0.0465676112084392,0.0054848782013888,-0.0450369670671253,-0.090412468796752,-0.0864142885458162,-0.2134144626404436,-0.0339806137941428,-0.0100068590221884,-0.0081284334647011,-0.07578037592584,0.0684627715187907,-0.16718601488732,0.1038455133081054,-0.1651102523397883,0.1215012521640998,-0.0244488855069943,0.0568417993965154,0.0037114119619365,0.008080403389605,0.0237340009910999,0.0230943692403267,-0.0448971531736852
0.0269999193565306,0.1477212787341112,0.1570334304029211,0.0919544722369793,-0.1279295505620326,-0.0627094961173687,0.2020336226309374,-0.0820263352708985,-0.0855273358090133,-0.034553266719817,0.0576226594181272,-0.1716577742689667,0.0576226594181272,-0.1716577742689667,0.173388804223213,0.3848208769156172,-0.0321977981242872,0.1733886912978489,0.3848206242293605,-0.0321979902603312,0.1728031562079127,-0.1514398284046492,-0.1078432961460022,-0.2628217976283749,0.0662731495891754,-0.1078443010520504,-0.2628198726967926,0.0662722623161335,-0.0614640452770134,-0.0207808785503744,-0.0013899124317863,-0.0408372079660375,0.0439165522011422,-0.0210484207948757,-0.001284747282033,-0.1236782558107249,-0.0638201675705707,0.1994597843215303,-0.0358315997700557,-0.0979093497037778,-0.0358316696912899,-0.0979092376022212,-0.0280057853187659,-0.0632939205484804,-0.0280057853187659,-0.0632939205484804,-0.0520910923615675,-0.1730569172692817,0.0365347460434946,-0.0021295652894655,-0.0254596177032796,-0.133064113822932,-0.0945806408640097,0.1466821937105254,-0.0070204639015739,-0.0385725941896715,0.0386906965511719,-0.0353485232236606,0.0424474210568194,0.1355572741531792,0.1879412492505628,-0.1324784031971944,-0.1221027713225893,0.0286158264870976,0.0659177284221658,-0.0132867673553116,0.0319630160626588,0.0671039265202223,0.0492119295491321,-0.0485336325972028
-0.0244790963417222,0.1454626520538574,0.1247087475960982,-0.1107655545790909,0.0758433448254706,-0.0858301606789074,0.0487486277852642,0.0957716713966676,0.0880599608452317,-0.0986399689384267,0.1686110103651436,-0.1428067367160499,0.1686110103651436,-0.1428067367160499,0.1374202479505286,0.0892758087679916,0.2493362246225748,0.1374196812741024,0.0892784076892034,0.2493387107412301,-0.0825493015338274,-0.3603844976598905,-0.2062914097534842,-0.0534470003800546,-0.1864869949100821,-0.2062935729326859,-0.0534418847250957,-0.1864887593134474,-0.1270373423910595,0.1648811446275388,-0.2790977147786719,0.1641419885808432,-0.2825114025149155,0.1568098215545142,-0.2916884343778057,-0.0865546809876228,-0.107823906486863,0.071764591350468,-0.1285648373821964,-0.033365206380362,-0.1285650896357472,-0.0333654828624725,-0.1745173903412087,-0.0690208003499092,-0.1745173903412087,-0.0690208003499092,-0.125894386515583,0.0165564462623466,-0.0182133220317344,0.034584499054126,-0.243674872068317,-0.0147104423967581,-0.0513725291558041,0.0631691146530405,0.0453240392615543,-0.0096840513507116,0.0955069758670593,-0.0245081708305358,-0.1812580735376475,0.0328031199598136,0.2451968552702152,0.1317678246763688,0.1193764843766457,0.0962512987071593,0.121877591072381,0.0135896582789929,0.0583577449924158,0.0070336501002478,0.045328066630656,-0.0415311996991212
0.0623586812866024,0.2123092176631824,0.2210351990177701,0.1091198577090051,-0.0266611543538694,-0.0655847732559523,0.031824281863159,0.0716214101709272,0.0640755639955199,0.0225490385923556,0.0927053433554295,-0.1147500005028926,0.0927053433554295,-0.1147500005028926,0.1566420301936099,0.2062182924321751,-0.0645727289956586,0.1566427472280965,0.2062194695873287,-0.0645769301269885,0.0724971630362564,-0.0962049155660438,-0.1418267548086704,-0.1348297213206179,-0.0142119432915505,-0.1418274427846607,-0.1348211164359856,-0.0141957647231107,-0.0722306760151488,0.16253063150583,-0.0774918024377535,0.1622156402221818,-0.0775370503051697,0.1516462538961569,-0.0721810837326684,-0.1682984929126522,-0.1340122589703214,0.0465271494044717,-0.1652382707860984,-0.2539357047761579,-0.1652387723547257,-0.2539355298493345,-0.0918831494505751,-0.098730047093424,-0.0918831494505751,-0.098730047093424,-0.1356706102540678,0.076339759666813,0.0439066522083792,-0.0292734980699595,0.0231033658253152,-0.1087216984809328,-0.1506242742050287,0.0091769783788318,0.0072412016023701,0.0306179283739622,-0.0330757294024378,0.0920551922241971,-0.0562231162896717,0.0754724850041531,0.0199579923863571,0.0347543400731385,-0.0233219251527797,0.0894213035178768,0.1425456662377599,-0.1506620261389572,0.0697443320924428,0.0748383439007178,0.0610674765946555,-0.1514646299688417
0.0742466151266903,-0.1250282759569603,0.0645718733137827,-0.2376850081270462,-0.2504657495104324,0.1363846602595325,0.0753709098217964,-0.307769474282257,-0.3063943894861777,-0.1172825592694314,-0.2888607427455301,-0.3587948057857992,-0.2888607427455301,-0.3587948057857992,-0.038766357548805,-0.1021563933945727,0.0566169550770643,-0.038765642153363,-0.1021558228675756,0.0566154386988838,0.0545874870074969,-0.1939588124964762,0.010060094337533,0.0965688481278498,0.0325211707416298,0.0100632012030694,0.0965936962547171,0.0325197038071167,0.246000476388998,-0.3501041887086961,-0.3033026286385438,-0.3517087736379763,-0.2999562723943844,-0.3601762051034787,-0.2736446005278692,-0.1057194038862018,-0.1499355493927765,0.1394239133032345,0.0575586619211104,-0.0044929191380137,0.0575587854984446,-0.0044929823791558,0.1616075494598245,-0.2875174852154853,0.1616075494598245,-0.2875174852154853,0.1103427713596617,-0.1619938293571019,0.0219462690546863,0.1699717658355754,-0.0915926000206482,-0.130008350015794,-0.2035046804235034,0.090409742725794,-0.0556024047881154,-0.165282894618244,0.0087030449923304,0.0187942483600762,0.0248934786274311,-0.1174010496603333,-0.0894981827483869,0.1118329108794763,-0.0027192657896581,0.0580894788745975,0.0064600908220851,0.0097064360819221,0.0195270814409188,0.0267982988098312,-0.0146983627861506,0.1042960053911437
0.0953211883768042,-0.0058744028702739,-0.0221744272010675,-0.1343987666309306,-0.0242510857554642,0.0753201335001627,0.0944561788535482,-0.0662172784067995,-0.0283124191075722,-0.2822187246149322,0.0151788683630782,-0.1914743160507078,0.0151788683630782,-0.1914743160507078,0.0271749121436094,-0.1186319494877286,-0.0775857130749721,0.0271764732215266,-0.1186345631300095,-0.0775864115900895,0.0254486438674246,-0.1215724416750064,0.0307192740937343,0.0125731862522916,-0.0359246010068255,0.030720080641561,0.0125784768508653,-0.035935934615944,-0.0121769875973289,-0.0568434860359049,-0.343633908122484,-0.0583205788204982,-0.3441694023597468,-0.0626153277292079,-0.3505854147630854,-0.0140483958761794,-0.0589265849485846,-0.0794970842687318,0.0352106051937821,-0.0282248117059741,0.0352106281870424,-0.0282246034281978,-0.0574988360401918,-0.0045015809063636,-0.0574988360401918,-0.0045015809063636,0.0942003910759155,-0.1915977317952887,-0.0750014174112556,0.1407053688175965,0.0395962566948118,0.0118125855384698,-0.1456134345992251,-0.0523846535145697,0.0670548145045235,-0.1134723296534397,0.2278186985418024,-0.1588683029626371,-0.0232049219700111,-0.1160640280677349,-0.0722444483550755,0.0555743668807632,-0.1422908461775875,0.0261953353370539,0.0014019067955108,-0.0797472284875772,-0.0911236617266018,0.0092557910373047,-0.2115870837916116,0.2804622132885863
-0.1540069993545342,-0.2939608475557881,-0.3254637182156078,-0.1014059622407778,0.1404041167187995,-0.0895619844341374,-0.3141944536448341,0.0315099751032902,0.0203996141459526,0.247217313183005,-0.0210424686209411,0.306582508227966,-0.0210424686209411,0.306582508227966,-0.0845054120652888,-0.1003187453007751,-0.0459846927885839,-0.0845059574533865,-0.100318920938619,-0.0459792034374608,-0.2677643551140887,0.1732722738096937,0.1783946157386338,0.1762638250085182,0.2360321279714661,0.1783942664265373,0.1762625968983718,0.2360544088127366,0.1805025538818314,-0.0603546648100833,0.2210435523716857,-0.0623323947766785,0.2301815264532072,-0.0546665496842531,0.2326760093515623,-0.175789732450716,0.234072433020799,-0.050456521596519,0.1254234914454805,0.1836691780363577,0.1254234972308358,0.1836691455238756,-0.0306893737660347,0.2242830631114955,-0.0306893737660347,0.2242830631114955,-0.1359230031097548,0.0897202607832601,-0.2338846317495044,-0.3205678423932928,0.0533791824248916,-0.2414341960611286,0.1357332332004766,-0.0135189390816276,0.0278709942579429,0.0745292733859383,0.0707362457469884,-0.0202816437102564,-0.0253883540258849,0.0048444518803647,-0.3213375929986155,0.2911736895776243,-0.0661330170560203,0.115376653805182,-0.1891095090591169,-0.1139690873655847,-0.0742583477430128,-0.1482665783764259,-0.0935226197486868,-0.0166420026021636
0.0107128878111394,-0.4075207252394556,-0.0661539999237033,-0.0466930413170192,0.081124360996966,0.1200746818948148,-0.1995305796915472,0.0616949798559157,0.0763775095880617,0.2633362349559411,-0.0474079323520769,0.18393137971912,-0.0474079323520769,0.18393137971912,-0.2134066895807359,-0.0283567597619896,0.256767986745277,-0.2134061502628742,-0.0283562465703087,0.2567685416949296,-0.1939533523407343,-0.0568240214875424,0.1688889590623147,0.0411618956084353,-0.1071884263889296,0.1688937189008383,0.0411515265216016,-0.1071882480208239,0.2642533880610161,-0.0130340789536405,0.3086366930219643,-0.0123796251815237,0.3173677694164009,-0.0060145835525212,0.3224190884596966,-0.1208954385263492,0.080581813043479,0.2215234708182666,0.0908510283091681,-0.0677177022474811,0.0908506414382353,-0.0677174233342823,-3.920700307177449e-05,0.0232222442375413,-3.920700307177449e-05,0.0232222442375413,-0.0228318261522753,0.0201965940277556,-0.111926145037201,-0.1789357687357984,-0.0848800315181014,-0.2246304528847148,-0.0623540503643651,0.158278259115014,0.3193513538106136,0.3557882782952229,-0.1591234099308894,0.0548625614951316,0.058130604932199,-0.0194657376639368,0.0201929697937229,0.1040277103764946,-0.1610282530040314,0.1601443715502364,-0.2803816414662589,-0.1433866760750874,-0.1400528330892983,-0.2989597550686961,0.1787362880960953,-0.2572581723577407
-0.0836919763165356,-0.0788142572390903,-0.0301873663518211,0.0763961108960065,0.0626028529382929,-0.0868265012916589,0.0004497913754293,0.0974392782295124,0.0904510485216183,-0.0442290725795603,0.0865403428391927,-0.0551198189574325,0.0865403428391927,-0.0551198189574325,0.0286980487873518,0.1676920728419387,-0.1394020833460836,0.0286974319582828,0.1676919180120214,-0.1394025420459823,0.1863478803131971,0.0566539430595251,-0.0621016669000941,0.0371765339146926,0.0521218186061785,-0.0621002981150369,0.0371630826539361,0.0521171076720569,-0.0532596537336584,0.132558736442948,-0.104858187933217,0.1318002300430863,-0.1057622887066121,0.1246402991367997,-0.100262827250477,0.045926547525669,-0.0699762800107579,-0.0640265703092634,-0.1603094221502722,0.1415024429505867,-0.1603085201639818,0.1415012141030217,-0.1398766159409144,-0.0838575618049399,-0.1398766159409144,-0.0838575618049399,-0.0160237323203381,-0.0772414011895999,0.060406412153503,-0.0533187275818706,0.1824767150844256,-0.0029247262900803,-0.0131590628569028,-0.0204708252554189,0.0195849687314054,0.013771851422897,-0.0144734385546228,-0.0101331992042629,0.0107286364999702,0.0201235275612891,-0.1622790677367258,-0.2788175131105479,0.057426821428072,0.0611249061021883,-0.0627367375507745,0.0802903281853761,-0.0303902610267859,-0.0224985999176402,0.0451838702207462,-0.0004570541882841
